date,precipitation,temp_max,temp_min,wind,humidity,pressure,solar_radiation,visibility,cloudiness_id
2024-12-01,25.79385,18.634783,3.4916353,4.9756584,65.56108,1013.1096,725.42206,11.884492,1.3890668
2024-12-02,24.137539,18.276554,2.599397,6.2788076,62.320362,1008.5896,655.63794,9.047244,1.3221072
2024-12-03,21.507397,19.5337,2.8827877,4.5937,63.898846,1010.8914,657.3052,10.982976,1.4743881
2024-12-04,25.734098,15.881532,3.5316463,5.9707546,62.544018,1010.02686,549.1519,9.589716,1.4023163
2024-12-05,31.594578,13.164917,1.937572,5.548324,65.84521,1011.66266,676.87463,9.552165,1.5091342
2024-12-06,25.063517,14.9950905,2.4099023,5.3017907,59.651463,1013.41003,671.77454,9.274778,1.4791218
2024-12-07,25.607693,16.283012,2.975628,5.9471617,65.70402,1009.3394,707.77875,10.541322,1.6563604
2024-12-08,30.577833,14.997936,2.31275,6.0837145,67.79759,1012.83325,654.7713,11.122457,1.6732581
2024-12-09,32.86981,15.692217,0.6174636,5.507697,64.69257,1015.35486,646.13086,11.621707,1.6698389
2024-12-10,30.58719,15.053558,1.7104323,5.813874,60.613144,1013.11884,639.2618,10.83704,1.4969815
2024-12-11,33.50296,22.535763,3.5486298,5.325381,64.68575,1008.5594,674.33295,10.816302,1.4916846
2024-12-12,30.51472,19.591528,1.8694347,5.5280404,61.473564,1013.0421,585.25006,10.229763,1.3665122
2024-12-13,29.71156,22.228058,1.9606665,5.5787234,54.619095,1016.7131,569.9053,10.271748,1.2906219
2024-12-14,27.348202,22.522213,2.7078085,5.4699125,56.094387,1014.6513,548.3279,10.417813,1.3432986
2024-12-15,24.56681,21.171024,3.8288462,4.624667,49.12987,1011.04675,592.9435,9.650763,1.4599417
2024-12-16,25.830967,21.643885,2.5057967,4.590498,52.393307,1017.571,628.93695,9.483617,1.3730357
2024-12-17,24.97976,22.295246,3.3032935,4.1184072,62.43703,1015.3692,639.3019,10.965557,1.3422189
2024-12-18,25.663263,22.154482,3.2310772,5.215714,57.73606,1013.31714,571.52765,9.859031,1.2618496
2024-12-19,27.379688,19.533045,3.7568882,4.7929955,60.17428,1014.4508,560.0194,11.3716545,1.1885266
2024-12-20,25.27983,20.518686,1.3744762,4.657314,57.842915,1012.5697,657.48425,9.009425,1.3000686
2024-12-21,25.463808,21.405632,2.638479,5.16034,54.31869,1012.9083,573.42126,11.14583,1.1451846
2024-12-22,24.469639,17.779556,2.326594,5.0917225,55.048683,1009.75415,436.63422,9.989903,1.020872
2024-12-23,26.243935,16.117792,1.5381309,4.6961374,56.44624,1007.9389,544.5854,11.895662,1.1267056
2024-12-24,26.807287,14.64659,0.08106253,5.179821,57.15203,1018.04346,604.6814,10.937953,1.19858
2024-12-25,25.989567,13.785153,2.0675437,4.5928345,62.85354,1008.0181,541.2316,9.394179,1.0132371
2024-12-26,19.388058,16.333021,1.4678377,4.769782,61.261353,1012.73846,608.74664,10.904751,1.1003274
2024-12-27,23.182901,16.209492,3.0410352,4.9307523,65.10012,1017.25934,510.97272,10.776229,1.2738742
2024-12-28,29.325882,15.641269,1.149751,4.4773884,65.05988,1018.5346,469.13763,9.146905,1.182807
2024-12-29,27.513,17.822083,2.2428672,5.028525,61.54825,1014.3564,620.3649,11.057039,1.2608812
2024-12-30,28.930954,20.644709,3.2512653,5.0272074,62.32485,1013.3707,577.9338,8.327067,1.3228323
2024-12-31,29.882341,21.189415,3.395031,4.9653616,64.71403,1009.2213,526.78656,8.512049,1.1395236
2025-01-01,26.200468,18.432003,3.0581205,4.7976303,68.732796,1015.9004,747.194,10.497629,1.5401939
2025-01-02,20.011147,19.934958,4.3439436,5.0537577,58.254463,1005.43994,723.65607,9.673812,1.4994366
2025-01-03,27.416643,18.98823,4.034067,4.4342914,62.537086,1011.4829,676.953,10.420199,1.5274388
2025-01-04,21.096855,15.510184,4.1644397,5.9784713,60.648003,1010.6648,624.9451,10.02135,1.5153847
2025-01-05,27.756687,14.237396,1.3803059,6.0514116,62.744095,1013.1377,723.37933,10.688716,1.5860566
2025-01-06,24.855095,12.37034,1.5693172,5.2259493,60.843277,1014.3757,780.2954,10.689904,1.6884024
2025-01-07,27.038904,13.873793,2.2007139,5.834176,58.812992,1009.5546,699.5816,9.600649,1.6044734
2025-01-08,28.861492,15.4310665,2.217044,5.903781,57.928093,1013.6483,700.0366,12.131825,1.7608329
2025-01-09,33.49181,13.841456,0.9034113,5.640209,59.715622,1021.85156,679.86523,11.812105,1.7267647
2025-01-10,32.037804,16.941315,2.946552,5.1291833,53.551353,1014.8448,648.3198,11.808331,1.4771093
2025-01-11,32.4389,21.229864,2.4380848,5.2097473,57.55199,1012.39874,745.7465,10.795805,1.7145078
2025-01-12,27.763372,22.408178,3.0131166,5.3787646,58.598705,1015.6239,610.098,11.6913,1.5512911
2025-01-13,26.748955,22.134617,1.1786387,5.8748727,54.758068,1013.6718,548.57056,10.48646,1.2451608
2025-01-14,25.749691,21.326372,3.3309305,5.348512,52.802982,1014.88904,690.1712,10.546295,1.5223333
2025-01-15,27.624748,23.982285,4.3702335,4.8466845,46.509888,1013.2665,733.1211,10.154865,1.6128092
2025-01-16,27.72528,20.966438,2.7796013,4.851101,54.50194,1020.0979,702.3227,9.661313,1.4714761
2025-01-17,27.381191,24.002117,2.738757,4.121271,58.547775,1018.20184,616.47375,10.23363,1.34412
2025-01-18,26.017597,22.58506,1.8836299,4.800824,54.63982,1014.7247,565.4161,10.149285,1.3454051
2025-01-19,25.52079,21.769371,3.7093165,4.6397576,54.588165,1016.96277,592.9614,12.137946,1.2689147
2025-01-20,29.149052,21.92542,1.6432947,4.8707476,60.19053,1017.7579,719.28345,10.775204,1.4402645
2025-01-21,25.011591,20.541256,2.2364323,4.7791142,50.782562,1013.2477,604.3323,10.762022,1.154467
2025-01-22,25.694565,17.466208,2.9733114,5.0947604,58.235767,1010.025,537.4763,11.208436,1.2447942
2025-01-23,26.714836,15.753373,1.8286264,4.6333065,60.072777,1010.62836,603.31793,10.177371,1.2616715
2025-01-24,24.318312,15.093681,2.019092,4.818249,55.74346,1014.2756,542.26,11.18653,1.225996
2025-01-25,25.510075,14.549405,1.3361139,3.8750663,57.79413,1009.45306,621.12805,10.664139,1.2963405
2025-01-26,22.72426,18.21437,2.4778764,4.8651533,62.36081,1016.6932,669.27563,9.606312,1.2254965
2025-01-27,23.985254,17.87183,2.839251,4.860951,65.43161,1018.0698,561.3754,11.697489,1.4065089
2025-01-28,26.988602,18.888218,3.757751,4.2492266,62.90816,1017.20715,559.3411,9.100455,1.262996
2025-01-29,25.171011,19.55126,1.3662289,5.125535,59.833424,1016.45667,609.68176,10.788803,1.2668446
2025-01-30,29.383154,18.675863,2.9515617,5.073336,54.520073,1016.493,706.2066,9.289438,1.4458656
2025-01-31,22.46223,21.962168,4.1578603,5.2566633,64.03485,1007.9564,626.8788,8.047511,1.3658762
2025-02-01,27.02581,16.53591,5.89264,4.819653,70.167915,1011.8603,773.9632,11.362412,1.6488286
2025-02-02,22.719227,15.257862,5.309125,5.7807937,63.816864,1006.1748,683.9369,9.197977,1.4622384
2025-02-03,26.054745,14.715369,5.255779,4.8089566,69.40983,1008.2729,711.87225,9.268294,1.5928035
2025-02-04,26.548988,13.185688,6.490576,5.4412217,71.25812,1004.87396,524.40576,9.159813,1.4338185
2025-02-05,29.127836,11.684533,4.847134,5.7441096,69.865654,1006.69904,648.903,9.834379,1.554133
2025-02-06,26.999668,11.029638,5.071798,5.366693,69.50256,1009.2964,656.8683,9.7347355,1.6035782
2025-02-07,28.677988,13.206982,5.5061784,5.659513,72.10826,1006.85425,653.2077,10.141931,1.6103504
2025-02-08,33.710693,11.697069,4.9175477,5.79622,69.30147,1014.253,629.0737,11.796616,1.802826
2025-02-09,33.659504,13.420698,4.3635015,5.168462,69.767296,1014.35095,626.6176,12.235259,1.7286327
2025-02-10,31.324282,15.580241,4.81072,5.3061237,66.44631,1007.501,661.90216,12.002182,1.6507617
2025-02-11,31.304377,19.204065,5.082507,5.6415772,62.125023,1009.3957,699.795,10.408537,1.7122265
2025-02-12,28.956484,19.44649,6.5072794,4.8699813,65.42996,1013.38696,572.62463,10.030247,1.5372413
2025-02-13,28.446903,21.014608,4.2889776,6.1608086,61.807865,1011.98615,568.78534,10.170724,1.4620643
2025-02-14,27.592522,20.330326,6.901451,5.5382786,59.37184,1009.1134,602.067,10.016385,1.4831152
2025-02-15,24.671333,20.27026,6.9405174,4.9620895,52.945007,1010.3562,619.32996,9.645806,1.4759439
2025-02-16,29.702576,19.588488,6.018058,4.949344,59.38309,1016.1418,636.7815,10.322783,1.4576992
2025-02-17,29.128271,19.41351,5.1247,4.22652,63.607216,1013.06775,500.38943,10.8137045,1.2691859
2025-02-18,24.890755,19.100792,4.0004,4.9996805,60.657543,1010.3233,505.87802,10.531029,1.3906485
2025-02-19,28.025608,18.593784,6.1591773,4.960101,62.313168,1009.8077,578.5497,12.935788,1.3523678
2025-02-20,27.380087,16.711393,4.1788635,5.2285213,66.7313,1010.3537,716.4557,9.57491,1.5432044
2025-02-21,27.944223,15.927419,5.451546,4.5386558,56.274437,1010.8547,627.3225,9.957225,1.1903075
2025-02-22,23.9919,13.950283,7.1113744,5.1319785,62.953747,1005.9218,547.6351,11.220278,1.275403
2025-02-23,27.346382,12.977831,4.031283,4.491632,65.123955,1005.09235,539.43085,11.483693,1.1950417
2025-02-24,25.439371,10.824011,3.2474139,4.8888593,66.49195,1010.4571,533.94543,11.628202,1.311023
2025-02-25,28.599167,11.670356,3.8010497,3.9166517,68.20896,1007.68933,562.5267,9.003542,1.3439369
2025-02-26,23.467304,17.141014,4.854244,4.821396,65.17942,1011.5479,657.12787,11.169572,1.2812668
2025-02-27,26.478018,14.377093,5.5520515,4.2338696,69.96092,1005.7223,562.936,12.011866,1.5763638
2025-02-28,26.734482,15.7803,4.3667345,4.420477,73.062195,1014.90076,497.76364,9.603315,1.2034819
2025-03-01,25.851698,17.846764,4.286583,5.263541,69.0825,1015.3556,670.1687,11.353762,1.4145752
2025-03-02,23.820171,18.19615,3.6312947,5.8216963,64.8106,1004.44867,654.47034,8.743645,1.4312713
2025-03-03,27.008928,18.196924,4.214611,5.314377,66.39049,1007.83594,600.0761,10.115766,1.4608508
2025-03-04,24.011026,16.650417,5.7872906,6.329019,70.65087,1009.9358,511.62457,9.3850155,1.3414453
2025-03-05,28.051414,15.309,3.6519337,6.361716,68.85949,1013.29083,635.2521,10.266404,1.4809767
2025-03-06,26.736889,14.403455,4.516598,5.280887,70.53636,1009.4107,640.5374,10.31842,1.5712603
2025-03-07,26.359001,13.948109,4.230715,5.2146015,67.629845,1007.274,639.1979,9.162717,1.6293765
2025-03-08,29.767586,14.0951395,3.8140817,5.827346,66.786865,1011.51074,583.10016,10.612269,1.7028607
2025-03-09,32.86759,14.631677,3.478891,5.956278,65.21908,1015.0045,528.6615,11.312458,1.543253
2025-03-10,32.865414,16.468336,3.6549783,5.801868,63.337673,1009.58307,600.09094,10.681823,1.4986191
2025-03-11,33.104214,20.7997,4.650501,5.7910523,64.343704,1013.0151,648.5771,10.0187435,1.6685337
2025-03-12,29.32601,19.064007,4.372558,5.261385,67.49146,1012.2207,535.51105,10.037132,1.4857638
2025-03-13,25.955935,20.211506,2.49546,5.962279,60.13341,1017.4205,524.52167,10.56546,1.2306522
2025-03-14,27.523582,21.316954,4.0523906,5.91883,60.487762,1012.308,561.50006,9.29196,1.4774659
2025-03-15,28.646545,21.44777,4.9213247,5.5957694,53.67799,1012.96326,603.57,9.826321,1.52675
2025-03-16,31.05983,21.732197,5.2693477,5.0280457,60.183086,1014.2644,586.7313,9.926914,1.5475948
2025-03-17,28.045897,21.893265,4.4011116,4.6971016,63.37018,1015.1141,490.53064,10.766055,1.1233476
2025-03-18,25.155949,20.650423,2.8444858,5.143205,62.44748,1012.309,483.9889,8.7468605,1.4138013
2025-03-19,28.987698,22.409807,5.2346053,4.9284205,60.323273,1010.2253,527.91675,11.211482,1.2189283
2025-03-20,27.54581,19.79242,4.396107,5.304511,63.005215,1017.4382,611.67365,7.5287538,1.2733405
2025-03-21,28.406218,21.328312,4.507392,5.1251287,60.27822,1011.12024,516.7041,8.939493,1.1997253
2025-03-22,25.327278,17.107645,4.3195195,5.647476,61.73165,1007.9701,472.79932,9.893199,1.2038041
2025-03-23,24.678648,15.806569,3.282929,5.380826,64.51151,1010.19635,528.66974,10.927422,1.106769
2025-03-24,23.941751,14.715723,2.6869788,5.663317,65.639244,1013.0953,542.4475,10.431268,1.2439343
2025-03-25,27.060606,12.062839,2.35324,4.520921,65.81088,1010.2352,446.39978,9.279805,0.99987054
2025-03-26,22.93444,18.748652,4.364588,5.095416,66.42223,1014.5575,524.27246,9.494278,1.0576006
2025-03-27,23.845987,15.579857,3.687057,5.018156,70.07457,1005.967,444.88492,11.3285675,1.3500177
2025-03-28,24.671886,18.820295,4.6979194,5.6445737,71.85511,1015.00415,356.93878,7.999831,1.0767964
2025-03-29,26.323374,18.552433,2.8930025,4.8293734,64.8477,1013.2673,576.89294,10.988328,1.1732254
2025-03-30,28.739046,18.613201,4.955671,5.4436445,67.78796,1008.7539,617.6332,8.502101,1.4579997
2025-03-31,21.882126,19.667131,6.8373103,5.3514056,70.708336,1007.33,534.5627,7.422437,1.2770098
2025-04-01,26.548893,18.963905,5.883374,4.6149516,72.550095,1013.79553,738.3776,10.5843525,1.6159894
2025-04-02,25.465073,19.089514,5.3984437,5.4330354,67.34559,1002.0603,783.789,9.068083,1.6838955
2025-04-03,29.597742,19.366093,6.0009894,4.1557474,71.56702,1008.38983,719.8444,9.294523,1.6330817
2025-04-04,24.021334,16.7392,6.4387445,5.7499256,67.979034,1002.4253,687.03265,9.245841,1.6962163
2025-04-05,34.128258,16.272034,3.8247914,5.2698026,71.44507,1007.6229,800.8202,9.424547,1.737421
2025-04-06,27.552982,14.801122,4.9869494,5.1986237,72.6129,1007.4561,760.25433,10.664365,1.8324447
2025-04-07,25.45515,18.177567,4.824242,5.6816497,68.91521,1000.97046,726.7948,9.496758,1.817049
2025-04-08,30.266172,15.5036125,5.312805,5.573742,69.56441,1009.12036,667.61255,10.120544,1.8282213
2025-04-09,33.364967,16.76978,4.5099874,5.168457,66.28888,1013.5524,685.22626,11.584184,1.8681264
2025-04-10,32.52343,17.964027,4.996367,5.393338,65.02901,1008.91376,712.4989,10.582391,1.7373855
2025-04-11,31.567736,21.273533,4.989059,5.378649,67.364494,1007.6712,771.15344,11.061427,1.8552139
2025-04-12,29.501757,21.341383,5.5264006,5.237371,66.51646,1012.21844,579.6409,10.951671,1.5363983
2025-04-13,26.89832,22.320446,4.1395764,5.434289,63.72025,1014.40875,597.7534,9.2439785,1.4745473
2025-04-14,31.336128,22.068989,4.6995955,5.770405,60.718582,1009.9338,629.60504,9.729431,1.6267405
2025-04-15,29.180134,23.247524,6.3495035,4.5555663,55.908646,1007.7688,696.7298,9.134435,1.6479331
2025-04-16,31.295843,22.782433,5.225593,4.626248,61.54564,1011.53754,708.78485,9.960974,1.6442965
2025-04-17,30.82896,23.231163,4.3716917,4.432094,67.06927,1014.2101,637.1096,9.873549,1.5404446
2025-04-18,28.405352,22.658018,3.7300258,4.797174,64.95578,1013.3397,592.48663,9.229123,1.5681785
2025-04-19,25.421597,21.252523,5.1261535,4.7302065,67.04438,1011.89435,654.93,10.934434,1.4055611
2025-04-20,25.40917,20.119009,3.2784302,5.2330003,65.39418,1013.00604,694.7666,9.349509,1.4378316
2025-04-21,27.588413,20.43247,4.373903,4.9958735,61.50671,1010.4679,581.24316,9.723084,1.2473153
2025-04-22,25.258942,19.053967,6.5719385,4.67873,58.02079,1006.40247,554.2343,10.799032,1.2975792
2025-04-23,24.849752,18.226763,5.2261424,4.804946,67.417435,1006.48035,590.84937,10.843554,1.3645159
2025-04-24,25.552794,16.558338,4.200029,4.9687862,66.73961,1008.3188,585.4286,10.922568,1.3561422
2025-04-25,27.807867,15.317763,4.5504446,4.271352,68.836655,1007.6477,629.52716,9.585596,1.4154357
2025-04-26,22.642569,17.974014,4.8735914,5.1118093,66.90129,1015.6453,635.0433,10.335514,1.2785708
2025-04-27,23.539719,15.803577,5.0475206,4.195248,69.235985,1005.2324,649.93695,11.646167,1.6912814
2025-04-28,28.546581,17.331282,5.00952,4.4761777,71.15314,1016.49567,554.7243,9.02829,1.382794
2025-04-29,25.354748,19.835087,4.6882343,5.105819,71.805885,1010.2567,645.90216,10.145987,1.3399123
2025-04-30,30.945389,21.083927,5.5615687,4.3589683,69.99105,1011.74866,672.1161,9.57639,1.5687488
2025-05-01,24.104855,17.43466,5.281023,4.489899,73.81217,1017.67224,739.4613,11.976531,1.6426152
2025-05-02,21.361795,17.018305,5.3427095,5.3807373,64.77607,1011.4793,737.83246,8.62278,1.5387211
2025-05-03,26.18667,16.278801,6.0474234,4.076895,74.87846,1012.364,632.3459,9.735384,1.5949366
2025-05-04,23.796852,15.134915,6.575277,5.52964,71.38483,1007.90155,592.6443,10.82469,1.5842608
2025-05-05,29.052849,12.972342,2.8860266,5.2215366,64.0962,1009.71313,736.45337,11.178526,1.7037063
2025-05-06,24.061474,12.07217,3.8935332,4.873824,62.693325,1016.3745,714.0526,10.402526,1.6471958
2025-05-07,26.555172,13.930993,3.3162286,5.319079,63.81616,1008.51227,707.3436,12.073447,1.7469163
2025-05-08,29.72209,14.295269,4.1087027,5.360295,63.94,1012.91296,629.4935,12.721412,1.7054268
2025-05-09,33.258213,14.535979,3.6430962,5.194782,65.170746,1015.2401,637.82416,13.452343,1.710826
2025-05-10,31.543474,16.04717,3.6628122,4.9232383,63.346695,1013.1352,687.86414,12.288423,1.6895726
2025-05-11,31.37562,20.0094,3.9688776,4.919872,65.77877,1014.23444,710.08795,11.347112,1.7313073
2025-05-12,30.237144,19.649963,4.6956334,4.8239837,67.90162,1013.9583,604.82996,11.66035,1.6297004
2025-05-13,26.330584,20.723064,3.432475,5.1399846,64.41022,1017.26514,606.1876,10.732706,1.5608598
2025-05-14,27.410286,20.642296,4.776842,5.318359,58.55015,1014.5659,601.51526,10.684502,1.4977063
2025-05-15,27.887114,20.75285,5.9946218,4.5342045,55.656574,1014.679,605.2559,11.467426,1.4786344
2025-05-16,30.293869,19.086819,4.7473445,4.2127013,62.826775,1017.4227,655.45404,10.674822,1.571762
2025-05-17,27.221258,21.25894,4.233865,3.5601406,64.75173,1016.2281,566.6556,11.566968,1.3363837
2025-05-18,26.465576,20.976145,3.4678519,4.398278,63.869396,1016.8993,505.95505,10.076782,1.3961587
2025-05-19,27.620914,19.46216,4.613166,4.4299493,61.205765,1011.94275,552.4564,11.630603,1.3386856
2025-05-20,26.337866,19.770554,3.3313737,4.779586,61.924553,1017.5284,693.4685,9.726912,1.4881014
2025-05-21,27.435509,19.551926,4.7036266,4.193183,57.050117,1014.90015,608.6028,11.206616,1.2343068
2025-05-22,24.915165,16.367264,5.5212836,4.4195943,59.325874,1009.45807,487.13608,11.694937,1.2857486
2025-05-23,22.584515,15.215445,4.191199,4.754449,62.127743,1010.5695,560.26526,11.863745,1.3250781
2025-05-24,22.68029,14.24361,2.8281717,4.934547,62.28948,1015.5542,555.1901,11.878769,1.3461057
2025-05-25,23.687368,12.918101,2.821265,3.9143374,63.83141,1009.86676,614.4462,11.198305,1.3364692
2025-05-26,18.816698,16.681316,2.8255062,5.1774964,65.03476,1016.2303,607.09924,12.8138895,1.2893671
2025-05-27,21.901993,15.697444,3.9294631,4.365582,69.46157,1011.2061,509.08704,13.627235,1.4626315
2025-05-28,24.029345,16.981081,3.7221692,4.1764555,69.3903,1015.6691,489.42184,10.048647,1.3512683
2025-05-29,26.967524,19.012539,2.79733,4.3108788,67.55249,1014.27484,626.4975,10.225597,1.3174499
2025-05-30,31.564247,20.012365,5.2277317,4.36259,65.35136,1015.6973,639.28033,9.113325,1.4591266
2025-05-31,25.850765,18.18337,2.8246973,4.7780466,66.97792,1009.042,571.6349,9.055165,1.3095455
2025-06-01,25.295303,18.459051,6.35258,5.4213753,71.09648,1024.5001,634.88354,10.687252,1.3884007
2025-06-02,21.28279,17.488281,5.2583117,5.549174,66.95907,1016.284,576.7009,8.618036,1.2962832
2025-06-03,26.417738,19.331059,5.7097793,4.2598963,71.11473,1020.6768,614.2303,9.183701,1.382306
2025-06-04,23.196234,16.362635,5.9954104,6.0295453,70.47384,1013.8238,418.1946,9.488697,1.1810355
2025-06-05,25.215935,15.4778185,6.350668,5.967573,67.84362,1018.78186,566.3195,8.765035,1.4515442
2025-06-06,21.001394,13.16298,4.214989,5.367799,69.458405,1022.0882,608.9463,9.660077,1.3938578
2025-06-07,21.05496,16.025782,4.5240517,5.9696712,66.92166,1020.36707,558.4794,10.358495,1.450453
2025-06-08,28.656107,13.750788,3.8958097,5.6284003,64.637566,1019.8026,559.19507,10.407272,1.5994822
2025-06-09,28.73268,14.785142,4.604071,5.443622,69.04239,1023.2862,464.26498,12.70195,1.4653668
2025-06-10,31.32482,17.19718,4.10858,5.6931963,64.6796,1020.1342,559.8473,10.720325,1.5423739
2025-06-11,30.026474,21.315008,4.9353814,5.162823,61.789463,1019.8719,600.9068,9.669828,1.557722
2025-06-12,26.468277,21.016382,5.6036367,5.5362387,66.7802,1023.56946,495.80206,9.76401,1.489502
2025-06-13,26.215784,22.901747,3.6941452,5.952574,61.035343,1025.5337,444.55255,8.88694,1.173675
2025-06-14,26.04342,20.64525,4.8175187,5.9240127,61.867348,1019.92285,514.4064,9.530415,1.2601132
2025-06-15,26.800264,22.541323,6.6765966,5.0029917,58.002834,1019.55133,581.58344,9.949721,1.4673189
2025-06-16,29.548117,20.638449,5.7711706,5.446455,60.054626,1024.7377,588.6956,9.349892,1.3744359
2025-06-17,26.626856,21.624243,5.088892,4.5937743,62.7315,1021.2433,460.84088,9.733801,1.1734003
2025-06-18,26.271788,21.637266,4.399772,4.878469,62.549614,1022.78925,431.50684,9.165337,1.1832008
2025-06-19,29.443214,23.059834,7.1592245,5.23497,60.934036,1021.841,488.14343,10.022768,1.1623755
2025-06-20,28.031296,22.03913,5.217625,5.2925925,65.34966,1019.82275,504.26703,7.861533,1.2473792
2025-06-21,27.43289,19.91861,5.574965,4.665895,60.604965,1021.2482,482.39893,9.772645,1.0242026
2025-06-22,20.850958,17.50094,4.5460143,4.9537573,58.87557,1015.79456,408.5943,9.919486,1.080395
2025-06-23,21.388556,15.548385,3.837327,5.0587015,63.15685,1015.8026,436.82706,11.126102,1.0546994
2025-06-24,23.496452,15.255011,2.781423,5.3181014,63.06877,1022.41864,443.96167,10.236733,1.2074926
2025-06-25,27.007221,13.970824,3.489221,4.7721467,66.46308,1019.43964,414.4443,9.947753,1.0370251
2025-06-26,23.881647,19.406017,4.9218464,5.678747,61.311672,1021.3506,415.2205,10.049267,1.0565771
2025-06-27,23.910385,17.442177,4.637188,5.187706,68.283806,1022.0549,478.6019,10.934616,1.3440852
2025-06-28,28.011885,19.737928,6.47892,5.0467796,69.57868,1023.13104,388.68915,6.8381906,1.1417193
2025-06-29,25.596064,19.904322,5.311473,5.074933,65.190956,1019.581,462.11136,9.727567,1.0854398
2025-06-30,30.7582,19.496067,5.612154,5.6240926,63.946014,1023.136,422.98508,8.665153,1.1289394
2025-07-01,26.026915,17.268812,6.079997,4.7531633,71.94553,1020.13354,747.0003,10.852635,1.5564271
2025-07-02,21.50577,16.90546,5.0853415,5.503195,64.6687,1008.5844,678.0184,8.981679,1.4058897
2025-07-03,25.355923,19.896992,6.59709,4.1465473,68.10245,1013.42206,746.0481,10.493815,1.5520898
2025-07-04,22.927662,14.973979,6.950075,5.9348664,69.80077,1009.32935,624.41425,9.849044,1.5430478
2025-07-05,24.917124,15.019736,4.634465,5.593737,70.56503,1012.57294,658.6341,11.012847,1.5297782
2025-07-06,22.767096,12.91438,3.5383346,5.1006846,71.89591,1013.41327,668.7381,10.584405,1.6279702
2025-07-07,23.090624,15.525334,4.4734397,5.9535007,66.257065,1010.1915,740.6378,11.442259,1.6793808
2025-07-08,26.001657,16.425983,4.207675,5.8802676,66.95715,1014.287,625.9923,11.744718,1.6685165
2025-07-09,28.75376,14.566367,3.4349692,5.606847,67.89668,1016.55396,609.7383,12.036906,1.6727827
2025-07-10,29.577297,17.655865,4.7301936,5.386363,63.93226,1012.4359,619.112,11.679489,1.5711414
2025-07-11,29.60812,19.738585,4.4429054,5.331601,62.547928,1012.99066,706.1984,10.184548,1.654139
2025-07-12,28.292332,20.19387,5.9784727,5.6165123,66.55313,1016.4327,624.38586,11.439455,1.5620475
2025-07-13,25.954912,22.018475,4.216551,5.7759166,63.941357,1018.74603,589.8173,11.049418,1.3365147
2025-07-14,23.115107,20.229397,5.1303244,5.9012046,60.778294,1013.45044,627.32416,9.826397,1.5215893
2025-07-15,25.346828,21.971905,6.9988627,5.080606,53.979824,1013.49994,626.5913,10.974461,1.4596202
2025-07-16,24.945265,19.92718,5.0911374,4.725797,55.45298,1019.9347,689.6042,10.624832,1.4442111
2025-07-17,24.677734,21.326445,4.695696,3.9845,62.447643,1017.10156,614.2863,10.604848,1.3865157
2025-07-18,22.930872,21.353077,3.9298964,4.660655,63.54405,1012.42725,557.59265,10.508183,1.4263115
2025-07-19,29.211824,20.063742,5.843398,4.7528057,65.10085,1014.02,592.5032,11.956264,1.2873082
2025-07-20,26.84965,20.023705,4.3891115,5.074288,63.239216,1015.3347,640.4003,9.272948,1.3798447
2025-07-21,25.463678,20.200176,5.644126,4.6763377,58.177673,1015.0162,589.47546,10.248425,1.1744678
2025-07-22,20.844885,16.384806,5.4035654,4.9025016,59.844658,1012.4233,524.3529,9.55356,1.2566848
2025-07-23,20.367413,15.571205,5.288593,5.0178037,62.026524,1014.5271,551.16974,11.006329,1.1631455
2025-07-24,25.546791,16.312925,3.9699528,4.9336205,63.273205,1015.75305,574.7759,11.416926,1.2290316
2025-07-25,24.269594,14.789237,4.004915,3.7078404,68.93992,1011.7768,579.52216,10.1247225,1.2205657
2025-07-26,20.247894,19.075247,5.0960107,4.6814365,65.79587,1016.91876,632.68134,11.662146,1.2784541
2025-07-27,21.479763,15.862637,5.2419195,4.530626,70.06505,1011.3527,522.5928,12.005304,1.4891454
2025-07-28,24.741894,17.531164,4.9141293,4.6722536,71.32285,1018.24927,528.9357,8.800581,1.2060024
2025-07-29,26.075615,18.387993,4.479598,4.9460764,67.44131,1014.8602,607.2218,10.609703,1.1654644
2025-07-30,30.821877,18.146725,4.8711286,4.734238,67.54882,1017.6106,676.335,9.7923355,1.4082532
2025-07-31,24.538713,20.863285,6.2974358,4.472894,67.78986,1010.4483,608.7445,7.4505706,1.319052
2025-08-01,28.73514,17.694912,5.094535,4.966514,68.110916,1015.5549,787.9937,12.431283,1.5349329
2025-08-02,28.08444,17.234118,4.2292614,5.697255,65.297226,1005.5884,769.80975,10.501549,1.5481949
2025-08-03,30.204868,18.124962,5.6863813,4.7183213,69.882774,1009.7319,758.88654,11.85215,1.6728184
2025-08-04,28.353857,14.329226,6.450247,6.170126,72.96816,1013.6732,687.8987,10.413951,1.5286695
2025-08-05,30.380934,15.15876,4.639388,5.38708,64.362114,1013.7844,660.38,12.213626,1.4232491
2025-08-06,27.482628,13.637402,4.4090323,5.691377,65.069176,1015.2019,714.0384,11.8897295,1.5351413
2025-08-07,28.027065,13.656387,3.6400447,5.7606277,65.35851,1008.54456,739.8301,11.412114,1.5849274
2025-08-08,34.13429,13.090454,3.0069475,6.0990667,65.8077,1015.69867,717.32477,12.024935,1.741933
2025-08-09,35.428036,13.864521,3.174102,5.7332087,66.735794,1016.413,685.1143,13.353552,1.6331495
2025-08-10,33.885582,16.775759,3.4320176,5.57586,60.78981,1009.60114,684.6689,12.283676,1.615056
2025-08-11,33.876724,21.41706,4.3816853,5.1985536,58.140476,1010.87396,749.79443,11.316441,1.6249851
2025-08-12,29.951963,19.878094,5.173489,4.8097987,62.21154,1014.1831,702.5987,11.586552,1.6602367
2025-08-13,29.903353,21.304258,3.2919903,5.655324,57.2096,1016.4686,661.1738,11.163962,1.4642797
2025-08-14,27.413094,20.318403,4.564961,5.3939066,59.515366,1012.72107,651.2555,11.833402,1.4463264
2025-08-15,27.100496,22.054317,7.2811017,4.9699078,50.796394,1013.6821,703.0138,11.137397,1.4966443
2025-08-16,29.030462,20.868322,4.788571,4.7749667,52.148655,1016.2312,705.76447,11.908331,1.4618843
2025-08-17,33.300648,19.019344,3.5500731,4.382219,60.43666,1017.6046,620.8798,10.898178,1.2484897
2025-08-18,30.481253,19.320084,2.5359507,5.165525,57.52008,1014.5968,588.7458,10.674972,1.35735
2025-08-19,32.184303,19.657965,4.8851476,4.9922247,58.335033,1013.77374,661.6644,12.499122,1.3471411
2025-08-20,30.093521,19.123625,3.1087449,4.8638587,60.564156,1013.99054,716.867,10.110054,1.4361053
2025-08-21,27.909754,18.979078,3.842351,4.711437,54.92363,1012.99927,681.2834,11.84095,1.1721158
2025-08-22,25.957365,16.649015,4.687879,4.471816,60.65151,1009.3221,584.1159,12.18162,1.2026258
2025-08-23,27.696005,15.345728,2.8463626,4.9800406,59.39437,1007.1433,621.20917,12.889195,1.2998068
2025-08-24,29.063564,15.068316,2.698193,5.3877783,57.51152,1011.41907,625.47675,13.275583,1.3227588
2025-08-25,29.244576,13.844771,2.7572908,4.6531153,66.64793,1009.5875,599.03845,11.196658,1.2579352
2025-08-26,25.754396,15.910971,2.8358703,4.833914,63.25424,1015.58905,738.1377,11.865987,1.2219987
2025-08-27,26.258848,14.982779,4.5975914,5.0535827,65.51701,1011.74005,563.129,13.338643,1.3869147
2025-08-28,29.476055,14.073901,3.5026004,4.5403814,67.60464,1017.61865,553.8668,10.305347,1.2225976
2025-08-29,26.587198,17.355337,2.8458407,4.5791526,68.3354,1016.1342,701.59393,10.89186,1.3082201
2025-08-30,31.798664,19.575441,3.9854655,4.3508544,62.898983,1014.6587,671.4875,10.242116,1.339584
2025-08-31,30.511538,20.318626,5.2147775,5.0197015,64.42883,1007.6951,642.0874,9.487773,1.3896991
2025-09-01,25.052904,19.631952,3.6729398,4.696759,76.861435,1010.37585,684.5478,11.744291,1.5624392
2025-09-02,21.53415,18.748554,2.1248305,6.067597,63.78729,1004.207,633.646,8.788851,1.5153041
2025-09-03,24.675838,18.765903,4.301554,4.939403,71.407684,1007.0141,635.9174,10.115664,1.6521882
2025-09-04,22.334503,16.688833,3.4631813,5.5292354,67.57188,1007.31104,560.1617,9.666681,1.606608
2025-09-05,25.988585,15.510488,2.8921254,5.7176833,68.704544,1011.8757,569.9372,10.096789,1.5984813
2025-09-06,24.413267,14.6689,3.6572638,5.323227,67.64833,1014.99194,630.13184,11.553437,1.635551
2025-09-07,26.254997,17.785498,2.7696848,5.501895,67.54573,1004.1219,663.6934,10.114672,1.7976444
2025-09-08,32.004574,16.15316,3.4954114,5.396663,71.111984,1010.17084,571.81146,11.419351,1.8795866
2025-09-09,31.080507,16.2583,2.1801202,4.887776,67.44257,1016.67053,650.80054,11.653775,1.8601996
2025-09-10,29.303339,16.227007,2.8583183,5.2963734,63.926655,1009.8962,621.5213,11.277447,1.7719878
2025-09-11,31.0212,20.204588,2.4723094,5.280803,60.111168,1007.40796,673.5409,10.277421,1.7854424
2025-09-12,27.002249,21.774946,3.8207095,5.01241,65.21173,1011.0769,579.0938,10.414253,1.6169928
2025-09-13,24.774385,23.056805,2.3735616,5.2479315,58.578484,1015.2601,580.99695,10.8280115,1.6023928
2025-09-14,24.178825,23.547564,3.3737855,5.325656,58.797382,1012.0911,533.108,10.27302,1.5966926
2025-09-15,26.576557,24.797161,5.827194,4.6095586,54.57574,1009.8512,559.3483,10.228544,1.5630484
2025-09-16,26.543251,25.077425,3.5097132,4.4176116,58.90562,1011.8532,539.55865,9.941948,1.4636734
2025-09-17,27.221436,21.851511,2.7205918,3.5133224,64.08605,1013.98926,509.72116,10.263024,1.4945148
2025-09-18,23.497406,22.624811,2.374328,4.988192,65.46441,1015.42615,431.99976,10.7917185,1.3316294
2025-09-19,25.595747,24.172682,5.2830606,4.9083095,62.25648,1014.35333,480.91345,11.934254,1.3110813
2025-09-20,26.404253,22.872553,2.5020437,5.137007,65.6099,1013.1654,593.11084,9.758503,1.3499846
2025-09-21,25.973688,21.10373,3.4453115,4.649131,61.245903,1010.32904,567.47406,11.204436,1.3711711
2025-09-22,25.475672,16.067945,2.8617003,4.577172,62.604813,1007.10846,377.07526,11.3228445,1.1929047
2025-09-23,21.342234,15.851459,2.6492412,4.8451486,66.46411,1005.80695,472.2591,11.503041,1.2899199
2025-09-24,23.031847,16.051397,2.7191184,4.678758,64.86022,1011.9387,506.67944,12.239564,1.4064442
2025-09-25,25.72041,17.152338,2.28614,3.9613872,65.6789,1008.7496,496.51465,10.095812,1.356549
2025-09-26,22.11915,17.5763,2.664292,4.782072,64.46394,1012.6569,539.5481,11.587109,1.3250425
2025-09-27,25.27154,16.327255,3.212929,4.811863,67.400154,1008.1153,507.84888,12.772575,1.5740192
2025-09-28,24.500595,19.804733,3.489061,4.570409,70.49552,1014.2215,427.4855,9.331108,1.3578533
2025-09-29,23.576986,18.576447,2.772289,4.9336705,63.260773,1012.78656,545.3582,10.808283,1.3976556
2025-09-30,30.430454,20.665758,5.0814037,4.9239917,65.384415,1012.45605,504.61212,9.171754,1.3900862
2025-10-01,28.586214,15.067125,5.0203815,4.342876,74.29823,1013.23663,712.0732,12.403959,1.5917921
2025-10-02,29.500751,12.968078,3.4972656,5.5312777,67.261,1007.10474,615.9272,9.308519,1.3683599
2025-10-03,30.80702,15.549152,4.3736134,4.6108675,67.17181,1014.46906,668.819,10.28237,1.5352733
2025-10-04,25.672419,13.47052,5.683596,6.205016,71.28338,1005.9372,479.4481,10.3323145,1.592244
2025-10-05,28.595404,11.984239,2.985711,5.4258013,68.40736,1011.8691,649.857,9.82938,1.5566832
2025-10-06,27.424934,9.643292,3.2290611,5.0677032,64.59745,1012.4449,646.72034,10.525453,1.5307856
2025-10-07,27.229843,12.844659,3.150016,6.223812,61.314804,1005.8795,607.25464,10.328443,1.649219
2025-10-08,33.461006,12.416157,3.0651221,6.038148,66.16271,1013.89667,669.76416,11.396282,1.8012196
2025-10-09,36.617527,11.42296,2.752347,5.369598,71.25387,1011.6788,594.4647,12.508692,1.7729247
2025-10-10,37.669098,12.771978,2.1492105,5.1451454,62.227787,1013.4887,638.9412,11.817808,1.7062831
2025-10-11,38.05054,19.240805,3.5022373,4.6352897,65.023224,1008.8635,657.66284,10.759978,1.7668337
2025-10-12,35.201374,18.25885,3.8691733,4.795401,64.65976,1010.95557,558.0849,11.446999,1.5526474
2025-10-13,33.698048,19.898293,2.8670344,4.877011,59.334576,1014.82587,541.5364,10.997346,1.3761005
2025-10-14,31.14944,19.175604,3.6727822,5.120541,60.08067,1012.3856,521.2782,11.463855,1.4395181
2025-10-15,30.7308,19.45999,5.2454166,4.49738,57.689537,1010.60175,649.1709,10.578765,1.6116287
2025-10-16,32.36741,20.293324,4.484571,4.418916,59.880505,1012.872,619.1046,10.450007,1.5039581
2025-10-17,32.19313,18.83055,4.01881,3.840424,63.531178,1017.65234,582.56396,11.536689,1.3062465
2025-10-18,30.672615,17.86241,2.5165098,4.609119,61.4763,1013.33453,520.7762,11.162977,1.3286555
2025-10-19,33.46255,16.999378,4.8173647,4.997396,61.46171,1013.36993,568.6201,12.895497,1.25337
2025-10-20,33.35767,17.691975,2.6791215,4.702415,63.354984,1013.61694,639.25287,9.898114,1.4321153
2025-10-21,32.339306,16.913588,3.7042687,4.745175,58.01695,1013.74365,566.0806,11.532783,1.1422877
2025-10-22,27.974466,12.958289,4.1442323,4.446277,60.0475,1007.2479,444.8285,10.8195715,1.1789434
2025-10-23,28.31246,11.733889,2.4258752,4.674772,60.23648,1006.8557,503.69287,12.415738,1.1518539
2025-10-24,30.837214,12.177778,2.005303,5.0781646,64.91602,1012.0246,519.1441,12.352199,1.2593392
2025-10-25,29.947632,11.971279,1.5249369,4.459839,64.93181,1010.43646,523.4423,10.873829,1.1261092
2025-10-26,27.467602,13.675549,2.4862363,4.767888,62.006783,1015.2728,598.15686,11.944995,1.2198172
2025-10-27,29.830652,12.867228,2.4192278,4.961432,70.54181,1009.7492,526.6518,12.998506,1.5244912
2025-10-28,32.562057,12.614168,2.5779748,4.5260797,66.78048,1019.20886,423.23026,9.408054,1.2210237
2025-10-29,33.007168,14.629172,2.5155826,4.5774097,65.420616,1011.97217,560.8017,10.6303,1.2999756
2025-10-30,31.88376,18.774248,5.469319,4.5120687,66.67144,1011.55914,582.3985,8.889095,1.4158151
2025-10-31,29.038279,16.582634,4.431678,4.3098984,71.196396,1007.44604,504.0422,8.66037,1.3835346
2025-11-01,26.245808,17.161287,4.697034,4.923751,70.70418,1021.346,674.37573,10.388861,1.4471649
2025-11-02,24.999283,15.547526,4.315509,5.2704883,64.43383,1012.3948,642.70807,8.825193,1.3661263
2025-11-03,24.770906,15.005823,4.3696294,4.462121,65.66991,1016.5435,600.272,9.524715,1.2867119
2025-11-04,22.623503,13.948719,6.510672,6.4328995,67.89041,1014.9339,505.86026,10.049504,1.3968242
2025-11-05,28.670734,12.054456,3.6495728,5.7536006,66.11588,1015.93085,603.86804,10.386068,1.525816
2025-11-06,23.56684,12.752837,5.007348,5.535494,66.03559,1018.59436,584.11176,10.716662,1.389264
2025-11-07,25.564983,11.730091,3.6805942,6.0288453,67.4779,1013.1914,693.5879,9.924343,1.5258662
2025-11-08,30.139616,14.443254,4.5115247,5.6338267,68.08,1016.6469,588.27545,11.559727,1.5140084
2025-11-09,32.5727,12.924944,2.9356835,5.3405747,63.43281,1020.0952,594.7664,12.397556,1.652267
2025-11-10,32.170834,14.68857,4.291276,5.014998,61.315952,1017.8496,606.6671,10.884867,1.4652361
2025-11-11,31.285694,19.448374,4.6496058,4.731091,61.631264,1012.76825,693.54974,10.611544,1.6853441
2025-11-12,29.748785,18.050947,4.7281337,4.89921,65.46238,1015.0447,604.80884,12.412481,1.5374997
2025-11-13,29.355629,19.745037,3.6389558,5.1129956,57.34489,1018.35095,474.26324,9.769297,1.2467896
2025-11-14,27.260283,20.88138,4.202957,5.582041,56.072826,1017.4838,510.1082,11.188412,1.3393441
2025-11-15,24.391407,20.985645,5.469969,4.536334,54.268085,1016.13196,537.03204,11.13436,1.409173
2025-11-16,27.549454,21.470522,4.2748923,4.488709,55.913258,1020.7471,661.30585,10.583731,1.5011256
2025-11-17,26.7428,20.034039,3.9059887,3.5703723,61.616756,1021.2721,549.61163,10.978345,1.2185953
2025-11-18,26.909496,19.322239,1.6229031,4.587647,60.132607,1021.3036,489.86627,9.897702,1.1312265
2025-11-19,27.998697,18.75473,4.8575244,4.8738947,60.11818,1019.78394,533.9772,10.570421,1.20326
2025-11-20,29.556871,20.117657,3.2978032,4.667347,61.66843,1019.899,597.9222,9.622412,1.267666
2025-11-21,29.256304,18.146957,3.8621743,4.8209424,55.580074,1016.32666,582.84204,10.698816,1.1776319
2025-11-22,24.004343,13.99852,3.830219,4.770844,61.07677,1013.8636,469.9708,10.823028,1.1733254
2025-11-23,25.730038,12.7772665,2.4278438,4.6081443,62.328648,1016.3085,542.0958,10.991343,1.1457468
2025-11-24,27.212072,14.341379,3.5907614,4.409803,70.80844,1018.0736,585.16595,12.000214,1.3184259
2025-11-25,27.784061,13.421871,3.8137946,3.9857543,63.721508,1015.2429,549.6343,9.482531,1.1257292
2025-11-26,23.414515,14.521717,2.9979079,4.935668,58.386734,1015.5953,626.20996,10.863587,1.1846097
2025-11-27,24.165098,13.485431,3.758965,5.0667877,68.47913,1016.1156,507.16608,12.159394,1.3862845
2025-11-28,30.079956,16.212328,4.7061477,4.5069346,63.87731,1022.54034,399.99924,10.078007,1.0883659
2025-11-29,26.140821,16.791348,3.263188,4.840574,68.294876,1017.3208,531.1574,10.907745,1.2695639
2025-11-30,26.371159,16.645966,4.9751177,4.444102,60.014057,1021.7969,523.8246,8.915179,1.1573479
2025-12-01,25.79385,18.634783,3.4916353,4.9756584,65.56108,1013.1096,725.42206,11.884492,1.3890668
2025-12-02,24.137539,18.276554,2.599397,6.2788076,62.320362,1008.5896,655.63794,9.047244,1.3221072
2025-12-03,21.507397,19.5337,2.8827877,4.5937,63.898846,1010.8914,657.3052,10.982976,1.4743881
2025-12-04,25.734098,15.881532,3.5316463,5.9707546,62.544018,1010.02686,549.1519,9.589716,1.4023163
2025-12-05,31.594578,13.164917,1.937572,5.548324,65.84521,1011.66266,676.87463,9.552165,1.5091342
2025-12-06,25.063517,14.9950905,2.4099023,5.3017907,59.651463,1013.41003,671.77454,9.274778,1.4791218
2025-12-07,25.607693,16.283012,2.975628,5.9471617,65.70402,1009.3394,707.77875,10.541322,1.6563604
2025-12-08,30.577833,14.997936,2.31275,6.0837145,67.79759,1012.83325,654.7713,11.122457,1.6732581
2025-12-09,32.86981,15.692217,0.6174636,5.507697,64.69257,1015.35486,646.13086,11.621707,1.6698389
2025-12-10,30.58719,15.053558,1.7104323,5.813874,60.613144,1013.11884,639.2618,10.83704,1.4969815
2025-12-11,33.50296,22.535763,3.5486298,5.325381,64.68575,1008.5594,674.33295,10.816302,1.4916846
2025-12-12,30.51472,19.591528,1.8694347,5.5280404,61.473564,1013.0421,585.25006,10.229763,1.3665122
2025-12-13,29.71156,22.228058,1.9606665,5.5787234,54.619095,1016.7131,569.9053,10.271748,1.2906219
2025-12-14,27.348202,22.522213,2.7078085,5.4699125,56.094387,1014.6513,548.3279,10.417813,1.3432986
2025-12-15,24.56681,21.171024,3.8288462,4.624667,49.12987,1011.04675,592.9435,9.650763,1.4599417
2025-12-16,25.830967,21.643885,2.5057967,4.590498,52.393307,1017.571,628.93695,9.483617,1.3730357
2025-12-17,24.97976,22.295246,3.3032935,4.1184072,62.43703,1015.3692,639.3019,10.965557,1.3422189
2025-12-18,25.663263,22.154482,3.2310772,5.215714,57.73606,1013.31714,571.52765,9.859031,1.2618496
2025-12-19,27.379688,19.533045,3.7568882,4.7929955,60.17428,1014.4508,560.0194,11.3716545,1.1885266
2025-12-20,25.27983,20.518686,1.3744762,4.657314,57.842915,1012.5697,657.48425,9.009425,1.3000686
2025-12-21,25.463808,21.405632,2.638479,5.16034,54.31869,1012.9083,573.42126,11.14583,1.1451846
2025-12-22,24.469639,17.779556,2.326594,5.0917225,55.048683,1009.75415,436.63422,9.989903,1.020872
2025-12-23,26.243935,16.117792,1.5381309,4.6961374,56.44624,1007.9389,544.5854,11.895662,1.1267056
2025-12-24,26.807287,14.64659,0.08106253,5.179821,57.15203,1018.04346,604.6814,10.937953,1.19858
2025-12-25,25.989567,13.785153,2.0675437,4.5928345,62.85354,1008.0181,541.2316,9.394179,1.0132371
2025-12-26,19.388058,16.333021,1.4678377,4.769782,61.261353,1012.73846,608.74664,10.904751,1.1003274
2025-12-27,23.182901,16.209492,3.0410352,4.9307523,65.10012,1017.25934,510.97272,10.776229,1.2738742
2025-12-28,29.325882,15.641269,1.149751,4.4773884,65.05988,1018.5346,469.13763,9.146905,1.182807
2025-12-29,27.513,17.822083,2.2428672,5.028525,61.54825,1014.3564,620.3649,11.057039,1.2608812
2025-12-30,28.930954,20.644709,3.2512653,5.0272074,62.32485,1013.3707,577.9338,8.327067,1.3228323
2025-12-31,29.882341,21.189415,3.395031,4.9653616,64.71403,1009.2213,526.78656,8.512049,1.1395236
