,date,precipitation,temp_max,temp_min,wind,humidity,pressure,solar_radiation,visibility,cloudiness_id,weather_id
0,2024-12-01,28.207279708791543,17.345296287972936,3.665537965373975,4.9170804352082245,65.39194036809624,1014.6588903884424,615.337221534773,10.045338669024918,1,1
1,2024-12-02,6.899748910171024,0.0833886466647964,-6.584432216310326,4.125875868901718,80.99915864005061,986.5837616536514,1088.932607831726,6.884725115663892,1,1
2,2024-12-03,27.85595324471216,16.984382433251348,3.793408587469053,4.927987620665663,64.39535330763825,1014.8417162171144,608.0820766750192,10.149767875301572,1,1
3,2024-12-04,27.89923462946426,16.845611894942298,3.779965952280032,4.835077468309313,65.15086025914121,1014.9203757827634,606.9799996816486,10.052753046429274,1,1
4,2024-12-05,27.812629163149225,16.982177668419123,3.788436655982931,4.925011210695388,65.74689665859479,1014.9941907087624,614.0248678867935,10.06099169527757,1,1
5,2024-12-06,27.86755769222357,17.221148423672624,3.7189322243137455,4.90513204511076,65.53811378419702,1014.822798280648,615.5455352963313,10.213395669758954,1,1
6,2024-12-07,27.76142591034512,17.19843705103585,3.708174894081316,4.966513448548016,65.21668999235817,1014.7808113911252,615.322807817224,10.077128813562393,1,1
7,2024-12-08,27.67935254498689,17.01408912739609,3.6949680857738296,4.948331452653164,65.27275249512705,1014.5712916274608,616.2087894013171,10.044900827172746,1,1
8,2024-12-09,27.49670244653532,16.78043481191169,3.784581495636211,4.982505623617884,65.27921212005327,1014.50820982331,617.2063128429057,10.213773167494036,1,1
9,2024-12-10,27.35826948184889,16.658411910121036,3.819172010562163,4.956858377711423,64.29120200555342,1014.703941234098,608.7972305732495,10.132302877138978,1,1
10,2024-12-11,27.42834960559393,16.528816311253877,3.8017347145736,4.862405467852332,65.05118864216973,1014.7683067820332,607.6671640073029,10.027644244630704,1,1
11,2024-12-12,27.374914190730244,16.678530702848807,3.804913139363888,4.950610927278852,65.64940985465653,1014.8361634747962,614.7048391731463,10.029190404333663,1,1
12,2024-12-13,27.46814386135592,16.934251099052943,3.728959500150326,4.928850154328388,65.44037718266662,1014.6676574344226,616.2292657060751,10.17609764953084,1,1
13,2024-12-14,27.40410874711771,16.931472758890568,3.710757331133128,4.988223430631424,65.11618701216368,1014.6376120656416,616.0116113551156,10.035736956111435,1,1
14,2024-12-15,27.366539611846147,16.76979168273267,3.689286632717133,4.967927406931501,65.16694772478039,1014.4489940287008,616.8949170028274,10.000980765260229,1,1
15,2024-12-16,27.22940431603892,16.561069725012505,3.7700035628719273,4.999895668976354,65.16561841429588,1014.4153762422088,617.8738612095277,10.169003127179142,1,1
16,2024-12-17,27.136133202009333,16.46577064909337,3.7952560558757633,4.971958029187873,64.16744993988159,1014.6484449787824,609.4233392347979,10.088419275478822,1,1
17,2024-12-18,27.24973251506464,16.364222934011135,3.7682298062790096,4.875131379083378,64.91509658289046,1014.7570621155286,608.2234464596323,9.986384667792846,1,1
18,2024-12-19,27.23699477213345,16.542859872233844,3.761753923345512,4.960875372667904,65.49905280397454,1014.8748849838868,615.158987313385,9.992235687533537,1,1
19,2024-12-20,27.367065274792463,16.827956171205564,3.676257128821773,4.936556594005142,65.27415251005682,1014.7606563407076,616.5467623445029,10.145014815684748,1,1
20,2024-12-21,27.335149792561523,16.854622362480697,3.6487870187072047,4.993263456576732,64.93287518773315,1014.7876358481578,616.1574834295276,10.011924753907428,1,1
21,2024-12-22,27.324307153003147,16.72211299334641,3.6184725791743833,4.970179311550893,64.96576622909758,1014.6571143935832,616.8354622897688,9.985619480033506,1,1
22,2024-12-23,27.20804067778397,16.54199649086672,3.690902036479554,4.999224809882295,64.94626711188829,1014.6809289892884,617.578283773351,10.1630102215205,1,1
23,2024-12-24,27.12953174099217,16.474493945234713,3.708537439994603,4.968219088324487,63.9301463686835,1014.9690237228305,608.8652334649292,10.092412254333665,1,1
24,2024-12-25,27.251754464224884,16.399742613849277,3.674660400549724,4.868172533231893,64.66059982587711,1015.1285661692916,607.3820761343069,10.000652359638671,1,1
25,2024-12-26,27.241680573907733,16.60403474697328,3.662178243311609,4.95054430865936,65.2286748672916,1015.291620051018,614.0203144505597,10.016718894998398,1,1
26,2024-12-27,27.36883393738742,16.91355107646162,3.571581373848518,4.92270821859696,64.98975642774921,1015.215485049393,615.1041903565653,10.179297022538172,1,1
27,2024-12-28,27.328980315431306,16.963350461969572,3.5399642788682515,4.975769070942412,64.63685939941493,1015.272173629442,614.412289949994,10.055233288500254,1,1
28,2024-12-29,27.305896752493684,16.852671914833486,3.506490231658129,4.9489369465753175,64.66103512481124,1015.1619648183366,614.7969086096052,10.036837236161343,1,1
29,2024-12-30,27.17393537772852,16.693097180603793,3.576771645818832,4.974170353730827,64.6361879990336,1015.1959514663272,615.2633997222264,10.220697735019815,1,1
30,2024-12-31,27.0772258476323,16.64488145356521,3.5932873293731364,4.939337784522393,63.61849347905636,1015.483625464558,606.2982883952396,10.154839636098162,1,1
31,2025-01-01,27.179756488657336,16.588208374892087,3.559330909360704,4.8355103879170525,64.3514863367703,1015.6320095804764,604.5937580205666,10.065840301716271,1,1
32,2025-01-02,27.14954426462316,16.80942027713351,3.5478195349210946,4.914218921430465,64.9264742490744,1015.773336213681,611.0466496250804,10.08248770404886,1,1
33,2025-01-03,27.257154205384577,17.13474337722364,3.45925351311212,4.882918543757356,64.69901474171571,1015.6653837769534,611.9852457196155,10.24332240166032,1,1
34,2025-01-04,27.19935493992181,17.19926975950241,3.43073916701274,4.932803625581362,64.3622004448043,1015.6809406523832,611.1907073114027,10.11510739084859,1,1
35,2025-01-05,27.16085581227991,17.102252690218503,3.4014548719894067,4.9031800090167055,64.40706056466362,1015.5213370391856,611.5163268851122,10.090133357399488,1,1
36,2025-01-06,27.016841329990644,16.955263728795007,3.4770321220148834,4.926105739963639,64.40737477366551,1015.4989618725592,611.9668248243295,10.265036900864324,1,1
37,2025-01-07,26.91214804307681,16.9185194464398,3.4999728127926586,4.889549850314862,63.41909093785614,1015.7248101946392,603.0264726924657,10.1879572789911,1,1
38,2025-01-08,27.011324644599004,16.872134085582864,3.473596975857108,4.784681978864623,64.18541557929964,1015.8075707735464,601.3836511264676,10.085651208712322,1,1
39,2025-01-09,26.98278599498693,17.10234924258216,3.4708500670949585,4.863126080173066,64.79723216271006,1015.8812556032548,607.929980025697,10.087147456456972,1,1
40,2025-01-10,27.097322113422816,17.435260329101833,3.392260491634614,4.83242188049924,64.60958515417532,1015.7054834734984,608.9872884296086,10.231283614698484,1,1
41,2025-01-11,27.05174900566205,17.505801637937306,3.3749597143884285,4.883836362049859,64.31497467715711,1015.6548891541644,608.3292865089151,10.085169195840196,1,1
42,2025-01-12,27.03064684834471,17.413046470248048,3.3581450024542425,4.856732813924342,64.40376947613333,1015.4326001672174,608.801094518172,10.041482746082115,1,1
43,2025-01-13,26.908901138093984,17.268370638359126,3.44745676968663,4.883208582567549,64.44903413839411,1015.352699994064,609.3988467672492,10.197280765962784,1,1
44,2025-01-14,26.830891586726764,17.231786941714148,3.4853918530938346,4.851251204366588,63.50596169176544,1015.5277247296008,600.5981434695565,10.10114423134181,1,1
45,2025-01-15,26.960569074082187,17.183206681208414,3.4752471180943973,4.752025808710304,64.31698012960295,1015.5677045215856,599.0789468564654,9.980282521843709,1,1
46,2025-01-16,26.965630736412404,17.40867897951131,3.489922673528781,4.83712713067932,64.97218757237559,1015.6077528363236,605.7250474470808,9.964176777096624,1,1
47,2025-01-17,27.11605348644565,17.734127311646112,3.429875564417432,4.814039869816716,64.82585360833134,1015.408316971107,606.8513560317816,10.092105374125438,1,1
48,2025-01-18,27.10777199019748,17.79434469579386,3.4321364798902563,4.873949738196334,64.56973121855691,1015.3445623744432,606.2258723058077,9.9315959541373,1,1
49,2025-01-19,27.124445707382367,17.688303613366088,3.435769706016408,4.856112780481656,64.69348657331777,1015.1198335179948,606.68947424005,9.875711990976068,1,1
50,2025-01-20,27.04002965178008,17.52732858563692,3.5462484659509994,4.892494123565852,64.76954223430377,1015.0481106694476,607.2357365708027,10.021851962226592,1,1
51,2025-01-21,26.99799269305832,17.4714386319927,3.605867131175352,4.870925842439534,63.85252448288947,1015.2415097936444,598.3395429998452,9.918887168209425,1,1
52,2025-01-22,27.16142277465745,17.400615329812887,3.617684830773083,4.782396813105803,64.68438295739676,1015.3093368441444,596.6820819195254,9.794258227943804,1,1
53,2025-01-23,27.19722824117777,17.601046937979646,3.6543298397986574,4.878307852710015,65.35483697874578,1015.3856991188838,603.1503468951013,9.777612459205514,1,1
54,2025-01-24,27.37469476685399,17.898867733461657,3.6159556803421022,4.865935823408908,65.21788582490736,1015.2297864524086,604.0643948955794,9.908324982810123,1,1
55,2025-01-25,27.38918321016058,17.929153816533887,3.639261500020223,4.936248963570016,64.9651271322195,1015.2152938959416,603.1992128317532,9.753948082551624,1,1
56,2025-01-26,27.423912426763536,17.791231327554794,3.662956943972621,4.928280931539504,65.0861905445332,1015.0439274842932,603.404338337796,9.70749687031152,1,1
57,2025-01-27,27.35254126452719,17.596844950512047,3.7921436067724215,4.973774606679913,65.15358204436534,1015.0279110926244,603.6834472171042,9.866249327605765,1,1
58,2025-01-28,27.318393283232368,17.506493953739998,3.868734449582675,4.960345208907672,64.2221296541337,1015.2775401028103,594.5226782680086,9.778886732409754,1,1
59,2025-01-29,27.484563455263988,17.400691591648624,3.895405569917142,4.878775472952545,65.03409872748479,1015.4002915176176,592.6152933418451,9.67259441886082,1,1
60,2025-01-30,27.518116084304896,17.566198510156376,3.944409526960072,4.98027603737734,65.67963131545231,1015.528491504524,598.8608035853558,9.676704953201543,1,1
61,2025-01-31,27.68863363536553,17.829749558855454,3.915540943381736,4.971954583103008,65.51324703853014,1015.419651432736,599.5918259722704,9.830226404023785,1,1
62,2025-02-01,27.691902152171803,17.827035585451057,3.9451667063240654,5.044635845627235,65.2271498743642,1015.4459423800736,598.5955328589416,9.700300042806496,1,1
63,2025-02-02,27.711677780755867,17.65799653308182,3.971700718424626,5.037239853105215,65.31164826840708,1015.3077481190628,598.732853369673,9.679495301282884,1,1
64,2025-02-03,27.622249227367803,17.434974140472296,4.099995004115966,5.081429312178647,65.33998433522976,1015.3162131286712,599.0176522032356,9.864619812866414,1,1
65,2025-02-04,27.567640394054315,17.3190319546344,4.1717682673166365,5.064775593837991,64.36776321055193,1015.580830072402,589.9446696427304,9.803870288848122,1,1
66,2025-02-05,27.711693220779924,17.191198960217072,4.1895659990131175,4.978055963788547,65.13805117444255,1015.7085753186784,588.2138331782552,9.723943911958022,1,1
67,2025-02-06,27.72224078922142,17.338687954707506,4.225581057879239,5.072515145646789,65.7417974490792,1015.8315926726984,594.7290833497983,9.753692066111014,1,1
68,2025-02-07,27.86963121747564,17.58860855014423,4.1796251828111854,5.055334702380195,65.53431752775,1015.7075358459196,595.8249882981634,9.931658823394509,1,1
69,2025-02-08,27.85038884756549,17.57693683057914,4.188163524152426,5.11745233494378,65.20858286671734,1015.7090393950548,595.2880185402979,9.824548281689644,1,1
70,2025-02-09,27.8489580330641,17.403798400883122,4.189791942699459,5.097938450213137,65.25562475414904,1015.5372581965214,595.9756476636871,9.824528357457714,1,1
71,2025-02-10,27.740245080335008,17.181613489466933,4.289628721202906,5.12864094556308,65.24934850561846,1015.504392360553,596.8955092996425,10.028048665071571,1,1
72,2025-02-11,27.66880322560401,17.071412112444516,4.329741671401855,5.097347713016358,64.24594939311349,1015.7212426753704,588.5333966343413,9.982998068397563,1,1
73,2025-02-12,27.79890120882744,16.954075825743463,4.313104674413772,4.995079582180343,64.98899923135286,1015.7963060809728,587.5777149508054,9.915821456742924,1,1
74,2025-02-13,27.798685908224407,17.116557332863906,4.312412572961178,5.073346887425375,65.56985877722964,1015.8634125130592,594.9185274706048,9.955177470670645,1,1
75,2025-02-14,27.93869983790056,17.38559787745876,4.22804492771203,5.039613261775655,65.3441539945923,1015.6820150284752,596.8744642633588,10.139479544139393,1,1
76,2025-02-15,27.91554014040881,17.39670440505814,4.197090836467406,5.08510889052735,65.00506115017802,1015.6266045029556,597.2143587544076,10.035364340803296,1,1
77,2025-02-16,27.913604365621783,17.24944309055412,4.158814734579157,5.049200724224956,65.04370862513093,1015.4001906539206,598.7767684550134,10.034995211785947,1,1
78,2025-02-17,27.807638429714697,17.055597663170918,4.219035045095833,5.064030755486571,65.03399159679903,1015.3167680575966,600.5495993665237,10.234878365583754,1,1
79,2025-02-18,27.741931340098937,16.975500218802303,4.220536935430557,5.017672025129249,64.03199093878877,1015.4888140418552,592.9986078728243,10.18301742875964,1,1
80,2025-02-19,27.880396825757867,16.889290649484934,4.167013536115347,4.90141524038844,64.78106514235796,1015.5263297178948,592.7923769841428,10.106026072453746,1,1
81,2025-02-20,27.89075180606537,17.08315549225862,4.1318648943896825,4.967019350822206,65.37227023669799,1015.5644271746368,600.8018927714495,10.132780578601745,1,1
82,2025-02-21,28.04305187975261,17.383065604902928,4.016145557102923,4.922169836753018,65.16084553004215,1015.3635762996174,603.3279759455581,10.301954881111024,1,1
83,2025-02-22,28.033369777563617,17.423774089486862,3.957573382142445,4.95828708365729,64.83950986204817,1015.2989838914482,604.1234183383535,10.180482343496507,1,1
84,2025-02-23,28.045561338597818,17.304130471190632,3.89597990518921,4.914892466712833,64.89887593947957,1015.0740479707496,606.0129666083116,10.16085209302197,1,1
85,2025-02-24,27.95383365569544,17.135258966291094,3.937674535785788,4.924243355271782,64.91227856935191,1015.002806856907,607.973359207529,10.339917797988306,1,1
86,2025-02-25,27.90195923649268,17.07690794020845,3.925844231105563,4.874486785786174,63.93520777826105,1015.1974305056708,600.4621782906636,10.266044760231676,1,1
87,2025-02-26,28.053375615713275,17.00872612292411,3.8644833697761296,4.756944744497235,64.71041525298602,1015.267265679612,600.1431029345845,10.166215183254552,1,1
88,2025-02-27,28.07537970788194,17.216515865204087,3.8271834300863694,4.823364437806792,65.32834871296856,1015.3464379680952,607.8856809643254,10.169673662176136,1,1
89,2025-02-28,28.237676520835155,17.52598238408291,3.7150736537270506,4.781377310391978,65.14365168048904,1015.194123795176,609.992868004172,10.315455585506047,1,1
90,2025-03-01,28.236067714600924,17.571740033887853,3.665825527366217,4.822309162359618,64.84847300275314,1015.1839644441552,610.2231795759552,10.170842843661902,1,1
91,2025-03-02,28.25422422516987,17.452631312715233,3.6191015809826346,4.785548940833129,64.9328933903139,1015.017564074843,611.4105971597377,10.1286547734635,1,1
92,2025-03-03,28.16625738853741,17.279906237993302,3.680920882216439,4.803187341502542,64.96976451418715,1015.0069901007278,612.5444354231613,10.28605230803052,1,1
93,2025-03-04,28.115932339723585,17.213569096753115,3.6940629093553294,4.763174871063523,64.01415142105765,1015.262321984824,604.0979360270496,10.191681259476406,1,1
94,2025-03-05,28.266763191146904,17.13364815217236,3.6620044861548458,4.656612193569369,64.80844651970116,1015.390758394263,602.753180562968,10.072774622354505,1,1
95,2025-03-06,28.286199486864984,17.326438715059727,3.657719269867435,4.735006002904825,65.44280961828498,1015.5242839489983,609.4004483999393,10.05879594457016,1,1
96,2025-03-07,28.44416389187491,17.618238763193922,3.581630788414876,4.705734032025836,65.2716714006854,1015.420006823362,610.3652786007528,10.188966430707229,1,1
97,2025-03-08,28.43672705958272,17.64433848342919,3.570631605078326,4.759861391326494,64.9870446721122,1015.449637305383,609.430094042166,10.030720124499782,1,1
98,2025-03-09,28.447864459256845,17.504319881126204,3.5635487923689007,4.736515647380571,65.07895066743515,1015.3130473777378,609.4535423905174,9.976995031278133,1,1
99,2025-03-10,28.3520102451448,17.310214610115935,3.665527720962925,4.767531612826359,65.12025604409799,1015.3208278427974,609.4497759181407,10.125038064837376,1,1
100,2025-03-11,28.293252649385867,17.222827619545207,3.718455425601976,4.7406153374319375,64.16611144538105,1015.5818873274688,599.9164509750354,10.02354964857568,1,1
101,2025-03-12,28.435411146426222,17.122982845025597,3.724917773281876,4.6466399708009325,64.95906005533365,1015.7026015574842,597.5590552750701,9.899787753014714,1,1
102,2025-03-13,28.446205637956847,17.29774203582299,3.757019441380301,4.736906598826477,65.58947082921644,1015.8145128050086,603.289704137649,9.883213306736922,1,1
103,2025-03-14,28.595778351855863,17.5741166020554,3.714357204235891,4.718613540751318,65.41203402079701,1015.67468969602,603.4536795408641,10.01301953652868,1,1
104,2025-03-15,28.58035508726112,17.588034555786116,3.7330586080885526,4.782676195024403,65.11906359156774,1015.6552167022116,601.8505837379658,9.85658947904495,1,1
105,2025-03-16,28.58399120550549,17.439619367165133,3.7512657294060383,4.768104763453941,65.20091406388276,1015.4567529180274,601.353274252619,9.806789429008342,1,1
106,2025-03-17,28.481117971667874,17.241329523124215,3.873535560354573,4.806650767211021,65.23080771416618,1015.3910765146672,600.986812613322,9.96077612461646,1,1
107,2025-03-18,28.415734136354768,17.15426695795212,3.941277857898115,4.78597181349524,64.26426326398405,1015.5686594149606,591.2562159462249,9.867143431037382,1,1
108,2025-03-19,28.551483280258072,17.05941107734716,3.9567243045040894,4.6969272787331455,65.04419475257383,1015.5977811224016,588.8706255981359,9.753028252208466,1,1
109,2025-03-20,28.555827299921244,17.243829867578526,3.9917576690615406,4.7908380324548725,65.66133551992625,1015.6121824740964,594.7420374961799,9.74775757444942,1,1
110,2025-03-21,28.698576704337423,17.53438826638686,3.945891214546013,4.774953736484224,65.47072514382391,1015.3713706698014,595.2118691341246,9.890379183285829,1,1
111,2025-03-22,28.675564174564663,17.566716044848224,3.955310254569135,4.840269879630298,65.16500410916736,1015.2500463362046,594.0722334273398,9.748120300293175,1,1
112,2025-03-23,28.670406452736763,17.440492072650333,3.958355455478925,4.825901971358164,65.23482393177547,1014.951593891138,594.1850822612319,9.7136819275035,1,1
113,2025-03-24,28.5570696863394,17.26759367805792,4.059919412044626,4.863727921080816,65.25366875655844,1014.7905534475588,594.5614457515616,9.88404673886762,1,1
114,2025-03-25,28.479082506141783,17.20841906856943,4.101877401160041,4.841548190710273,64.27727967322156,1014.880120781883,585.6895478431168,9.807626332503588,1,1
115,2025-03-26,28.599636634666112,17.143139207284044,4.087046312073466,4.750376527090448,65.04875047915573,1014.831186358076,584.2594020317453,9.71136763783442,1,1
116,2025-03-27,28.585784585859106,17.357930194334052,4.088000671555113,4.841694546972116,65.65894982599173,1014.7799162550484,591.1620199472508,9.72440045273184,1,1
117,2025-03-28,28.706994241587747,17.678705782968514,4.005036314275721,4.822913861144121,65.46300756323687,1014.4879883885088,592.7164944883833,9.885568727627826,1,1
118,2025-03-29,28.65884583581964,17.74011164177411,3.975193970857471,4.885188048908334,65.15360999315648,1014.3319567288788,592.6918137105389,9.761889919015893,1,1
119,2025-03-30,28.62481548492756,17.64083752390032,3.937722798077682,4.867782052063187,65.22141166380004,1014.0166865706778,593.9265538107273,9.745850271595076,1,1
120,2025-03-31,28.478859487311905,17.49179528830827,3.998455853922903,4.902710151233044,65.23985959886556,1013.8577806811196,595.4086627267068,9.934213932482498,1,1
121,2025-04-01,28.364642825064458,17.452469939102834,4.00021893152551,4.87789223501563,64.26462106505375,1013.9690441920276,587.6041008618627,9.87517176378317,1,1
122,2025-04-02,28.445650906664504,17.402199266543473,3.946767282155229,4.784441274590592,65.03868344882419,1013.9615002788717,587.1819293898089,9.79544968556307,1,1
123,2025-04-03,28.38939346983776,17.62643233895791,3.91157968593868,4.873915362707385,65.65278101164418,1013.9709602090834,595.0139666942077,9.823958545028294,1,1
124,2025-04-04,28.46595993069421,17.95048570915071,3.795800955669698,4.853778067827318,65.46188616649371,1013.7582615456548,597.4022639341905,9.999328130168246,1,1
125,2025-04-05,28.371711374039563,18.008558236944804,3.737245662466652,4.9152094549727,65.15850982133952,1013.6986472504486,598.1012469948435,9.888369630920716,1,1
126,2025-04-06,28.29105316780781,17.899060055843,3.675843592054411,4.897475358054226,65.23311825608779,1013.4952284308424,599.9376662149913,9.88337436648252,1,1
127,2025-04-07,28.09900246119802,17.732803091725128,3.7179993743118094,4.932566057121714,65.25896228424465,1013.4614498985716,601.8905606088332,10.08092662060526,1,1
128,2025-04-08,27.94039423308812,17.669359874711674,3.706988084460856,4.908354037110306,64.29150966981754,1013.7086054160924,594.4200005436215,10.029056369706192,1,1
129,2025-04-09,27.97996536031948,17.588345928361132,3.646881665034445,4.81588368354207,65.07354926221672,1013.8449133820702,594.1921990601177,9.954351636475636,1,1
130,2025-04-10,27.886526245377915,17.775675821600416,3.611335872778177,4.90662619553775,65.69562153265667,1014.003154977658,602.0791143671987,9.985612350145546,1,1
131,2025-04-11,27.931480086425577,18.057311724989148,3.50152900167177,4.887943369476905,65.51251309460628,1013.9409867732882,604.3857986163864,10.1613882052476,1,1
132,2025-04-12,27.81247593861866,18.068265495271536,3.4551652528864336,4.95090249163446,65.21655971972183,1014.0303985774084,604.8723463029762,10.04844468759745,1,1
133,2025-04-13,27.715140636013867,17.907910081131412,3.411923256841319,4.934649799053146,65.29806530738803,1013.9712571849896,606.3735915214419,10.039064948434577,1,1
134,2025-04-14,27.51560502262932,17.688148060094466,3.477822100996856,4.971053528169207,65.3301325749364,1014.0738530434892,607.8787701012254,10.22986523224007,1,1
135,2025-04-15,27.35966941697364,17.569744577175452,3.495626489942681,4.947866089501187,64.36809647744028,1014.4464945543252,599.8599210556999,10.168949513104115,1,1
136,2025-04-16,27.412849069204487,17.43358061328334,3.4687856369303867,4.856018085470829,65.15462887731496,1014.6946586575328,598.9966288172831,10.083022953660697,1,1
137,2025-04-17,27.34451043281389,17.566877410427544,3.470235269573948,4.946877317357146,65.78016922048752,1014.9486977286106,606.1752405293341,10.101045965202736,1,1
138,2025-04-18,27.426359569030986,17.796911715396032,3.400353616567322,4.92771630844554,65.59941888623888,1014.9642129606888,607.7158253199,10.261771278831889,1,1
139,2025-04-19,27.356069981365856,17.7599837425758,3.3959838091301293,4.989530467260586,65.30464381385792,1015.1115634031032,607.3937404370014,10.132208138930888,1,1
140,2025-04-20,27.31899597323953,17.5566945586326,3.395902723963317,4.971414250936665,65.38609295781514,1015.0894499640958,608.0589643646543,10.104921270320569,1,1
141,2025-04-21,27.19068784069017,17.300081617182922,3.5052081141813187,5.005206267179518,65.41682842983046,1015.2074903422229,608.7154228715086,10.276842325467642,1,1
142,2025-04-22,27.1160544961658,17.151920615472374,3.565745132011018,4.978652792576208,64.45215842072233,1015.5738288768964,599.8490910921057,10.196419499538273,1,1
143,2025-04-23,27.259414735998323,16.99395046077567,3.5800663175523155,4.882702385975126,65.23474149510356,1015.7942895827956,598.1524802772134,10.090724993019574,1,1
144,2025-04-24,27.2886481878568,17.114072967593344,3.6202539228664974,4.96876472786784,65.85501707352789,1016.0000723686046,604.523648950503,10.089102198687412,1,1
145,2025-04-25,27.473707217642577,17.34004765324458,3.5858949492864545,4.944177221350926,65.66769980907159,1015.9481029389168,605.2930090283473,10.230695151987296,1,1
146,2025-04-26,27.510276794475217,17.3084441302878,3.6131208795538505,5.000021510292384,65.36508248125102,1016.0105062201116,604.2447935078249,10.082904514037343,1,1
147,2025-04-27,27.581527848498634,17.119909270688716,3.640091727626108,4.97549732860886,65.43745495727083,1015.8881436122286,604.2363456474508,10.038677921760888,1,1
148,2025-04-28,27.560679624243768,16.8872982025751,3.771395906785546,5.00256469333188,65.45793505541607,1015.89313132164,604.2774535320873,10.195312615627271,1,1
149,2025-04-29,27.59021558126316,16.771977494543194,3.848486740439231,4.9691040114308445,64.48190235862941,1016.1363853144225,594.8585093077945,10.101596252707232,1,1
150,2025-04-30,27.83199279865179,16.6550573421561,3.873649483476303,4.866206886426534,65.25210350677142,1016.2267029201432,592.6750963262978,9.984905814687613,1,1
151,2025-05-01,27.95145448232684,16.823604246722866,3.918827594487889,4.945430874743484,65.85908370032668,1016.2983830174796,598.6271371767592,9.97484672121372,1,1
152,2025-05-02,28.216205271896992,17.104354267330848,3.883598587724556,4.914261854424531,65.65768202667459,1016.1114973434728,599.045865304695,10.11077491824483,1,1
153,2025-05-03,28.319734659401544,17.13268890897403,3.904211477614373,4.963926292948051,65.34033512601061,1016.0412848654674,597.7154781667531,9.960246431455074,1,1
154,2025-05-04,28.44323231007502,17.00793024788736,3.9190655483136654,4.933760959175509,65.39749663564797,1015.791611613224,597.4926227130809,9.916302423465488,1,1
155,2025-05-05,28.45820903332128,16.84150365752136,4.033102133099511,4.955851219206604,65.40246813591422,1015.6774152611624,597.3859278163123,10.07626784667281,1,1
156,2025-05-06,28.505766240981306,16.793275687162083,4.088230480902576,4.918187605260449,64.41083253890345,1015.812181919828,587.8843538593466,9.98888975159467,1,1
157,2025-05-07,28.746752224492827,16.742823020440007,4.087281891917177,4.81195355115771,65.16555835199601,1015.8069669176504,585.6819541766156,9.881435278255012,1,1
158,2025-05-08,28.846013362958644,16.975683055413572,4.10282122872334,4.888777636990367,65.75742946764024,1015.7979630408896,591.6771736202202,9.883331519924598,1,1
159,2025-05-09,29.070998655756,17.31710520309768,4.035106539607727,4.8561940805074535,65.54153802937014,1015.54673005462,592.1999403626586,10.033690065470347,1,1
160,2025-05-10,29.115501813884784,17.40106397379795,4.021109245039357,4.905453816834109,65.21058485429808,1015.4295584362166,591.0334036535851,9.89976070208674,1,1
161,2025-05-11,29.16148388312523,17.325589476318203,3.999975076200224,4.8758937447620285,65.25529484201455,1015.1509103977736,591.033464642709,9.87422226302243,1,1
162,2025-05-12,29.08168962040196,17.200962761121968,4.077397912778414,4.899575289916411,65.24924311469839,1015.0258578370016,591.2083128937047,10.053988612009707,1,1
163,2025-05-13,29.018900245641515,17.18608269621232,4.096028053330325,4.864441961496623,64.24828288364031,1015.1675646894367,582.0467385749921,9.987355679929582,1,1
164,2025-05-14,29.1360610112874,17.15975953225327,4.059409537806579,4.761608761198823,64.9956435606977,1015.18632514387,580.242816577359,9.901109395194736,1,1
165,2025-05-15,29.10049214182585,17.40698504152901,4.040776036658756,4.842616730535945,65.58235388492115,1015.2171605491644,586.6950911220968,9.924176473516733,1,1
166,2025-05-16,29.1824423023596,17.752697802166935,3.940996411194697,4.814896298076072,65.36372776337885,1015.0200878961864,587.7335218920829,10.095160617249698,1,1
167,2025-05-17,29.078769906931534,17.830804317723896,3.8975827150056217,4.869581674971573,65.03265748268088,1014.9695315972511,587.1410507856394,9.98080832382346,1,1
168,2025-05-18,28.974696604292724,17.739511374658708,3.850141087525772,4.845883769474915,65.08002192058173,1014.7678201972612,587.77294403035,9.973311986551488,1,1
169,2025-05-19,28.746347783859346,17.58951700932041,3.90473788641569,4.8757326522776,65.07950571980706,1014.727686023665,588.6361308829,10.169127966955884,1,1
170,2025-05-20,28.539924562922312,17.540366878746266,3.9043027247564304,4.846939123703362,64.0870206484847,1014.9598134733626,580.2173181739042,10.116135238666596,1,1
171,2025-05-21,28.521747707566902,17.471731459768307,3.852563096268608,4.750488112455354,64.84579789994503,1015.0719455329812,579.2074865613237,10.04075413453971,1,1
172,2025-05-22,28.362384169745567,17.669654384426686,3.822840097250114,4.837797064053374,65.4468063339275,1015.196549457876,586.5009066602745,10.071606867155822,1,1
173,2025-05-23,28.335117593701685,17.960291050788896,3.715996276392124,4.816182857252218,65.24523458007535,1015.0911526074304,588.421945321119,10.247062099985923,1,1
174,2025-05-24,28.13955030191687,17.978898896031136,3.669448244499745,4.87667938239297,64.93378186416697,1015.1278183424232,588.7465296828451,10.133707526497275,1,1
175,2025-05-25,27.963283243431853,17.825135541515397,3.622624298214921,4.858413150361506,65.00306536495913,1015.0067019218804,590.3214312201102,10.123657936004667,1,1
176,2025-05-26,27.684390778755787,17.61121307748729,3.681339155040551,4.893247877677412,65.02644020972154,1015.0386028758828,592.1435971454551,10.31337628511966,1,1
177,2025-05-27,27.45053662317495,17.498216242376127,3.6882071718572607,4.868947530917299,64.05942343948888,1015.3325582289624,584.6883129510793,10.250833263843406,1,1
178,2025-05-28,27.428973037593984,17.36734092076974,3.646588401105796,4.776470513061443,64.8447907586909,1015.4949850887308,584.6338046563351,10.162624830237482,1,1
179,2025-05-29,27.290635313993995,17.50610427960885,3.6293966389694927,4.86722812508494,65.47300108372887,1015.657372712196,592.8604196511503,10.177629381854905,1,1
180,2025-05-30,27.308593960009205,17.742046678046467,3.5370601275374103,4.848550839492324,65.29868677134606,1015.5766345225376,595.6776550563312,10.334546896023726,1,1
181,2025-05-31,27.181652797537808,17.711687692224956,3.506547169641688,4.911504541517438,65.01395429281278,1015.6245897558967,596.845897775838,10.200364107273153,1,1
182,2025-06-01,27.09603979208536,17.515793351533848,3.4768365436037327,4.895264151276623,65.10880301289849,1015.501514749874,599.1960329505232,10.167653365817973,1,1
183,2025-06-02,26.92790743556901,17.26750364958801,3.5533044649776504,4.93175563856687,65.15595797955,1015.5186807180196,601.7091407205738,10.333382911521118,1,1
184,2025-06-03,26.82248856337552,17.12862876802605,3.578149143496078,4.908815999288886,64.21030780316246,1015.7859230310318,594.84505586092,10.246064313285988,1,1
185,2025-06-04,26.944148870699163,16.980870989811446,3.554347000190629,4.817483978878835,65.01401614248405,1015.9107514203766,595.2673881118797,10.13285684764156,1,1
186,2025-06-05,26.96054698493061,17.112024029117713,3.554469452072788,4.909254792769878,65.65696147505504,1016.0260023426204,603.8431301266717,10.123210815844624,1,1
187,2025-06-06,27.141162969240828,17.349670165212466,3.4786507277003342,4.891542507551092,65.49324266468253,1015.890145291212,606.8701091082235,10.256392485511634,1,1
188,2025-06-07,27.180981640487577,17.330137611725135,3.4636188265432293,4.955492371889643,65.21449470126217,1015.8767141960524,608.0991329688082,10.099935092402896,1,1
189,2025-06-08,27.262275429235967,17.153775144309893,3.4481694193958323,4.940350645991012,65.31032186822294,1015.687805484764,610.353974294826,10.046923917285788,1,1
190,2025-06-09,27.257201311438184,16.933092815355987,3.5375544039970386,4.978103074664834,65.35314383799154,1015.6365612661102,612.6113989393872,10.194793536896714,1,1
191,2025-06-10,27.307055254012973,16.829076805212996,3.573906187762717,4.956631699944605,64.39764537794235,1015.8346842778254,605.330001488746,10.092463347227335,1,1
192,2025-06-11,27.572422918936816,16.72243485513524,3.560191840854304,4.867002915119863,65.18589780789362,1015.8914955935782,605.1754342876899,9.967431455148576,1,1
193,2025-06-12,27.71743494677531,16.899823349731736,3.569026156134236,4.960720112315043,65.80780654285729,1015.9415378176878,613.0201473775162,9.94940922493814,1,1
194,2025-06-13,28.008385210959545,17.18757566770562,3.500634254362491,4.945184671644083,65.61762193175862,1015.7448369133416,615.1708877708624,10.077839409750675,1,1
195,2025-06-14,28.13749606086775,17.220693375677453,3.491876062112156,5.01150764464845,65.30725751803307,1015.6762949940114,615.3908034680253,9.920342497417824,1,1
196,2025-06-15,28.28477309933447,17.098156367230988,3.481712706405058,4.998879721433296,65.3667227892663,1015.439156639164,616.5192925292026,9.869999423230242,1,1
197,2025-06-16,28.320662084668736,16.931099816033075,3.575586810992706,5.0392106425419145,65.36896579689909,1015.3474679535692,617.5518036889346,10.02414882615994,1,1
198,2025-06-17,28.38534975638019,16.87916502004565,3.6158380522375904,5.02028774194881,64.3693162835126,1015.5135755242444,608.968353149754,9.931524961206517,1,1
199,2025-06-18,28.638946028869498,16.821779623393166,3.605648410137002,4.933066487758567,65.11059749260374,1015.547176523212,607.4583493755409,9.8193563144671,1,1
200,2025-06-19,28.74575495360393,17.044417364871865,3.617846440607165,5.0289263124668775,65.68356110857343,1015.5829226768456,613.9198510482832,9.817007094957974,1,1
201,2025-06-20,28.97289232804712,17.372356117622715,3.5528614854099243,5.015135396934906,65.44338273234925,1015.3806909830952,614.6865169520191,9.963504360161336,1,1
202,2025-06-21,29.01403388030567,17.439695027894384,3.547740405442379,5.082666655485855,65.0829622909411,1015.3149929979162,613.5491058250478,9.82599517531202,1,1
203,2025-06-22,29.05123691523122,17.344686195821577,3.541607112347016,5.070572387683185,65.0933367942111,1015.088464519524,613.3746811282927,9.797041679228196,1,1
204,2025-06-23,28.9575487751544,17.197928232814867,3.640037080486554,5.110628618881544,65.04850123251312,1015.0143539596965,613.1857434742944,9.973431910082866,1,1
205,2025-06-24,28.8762450828372,17.158728376833466,3.685468355164194,5.090498665841538,64.00482872379976,1015.2040554606356,603.4880728113387,9.903332146060164,1,1
206,2025-06-25,28.97093675586126,17.10638840476252,3.6811436072576247,5.001028637167907,64.70615860361951,1015.2661967815084,600.9948903653187,9.813400424572864,1,1
207,2025-06-26,28.9097550755077,17.326464397488465,3.699912629040704,5.093508001467635,65.24420746007608,1015.3342833631624,606.6254839050436,9.832443016302143,1,1
208,2025-06-27,28.96387486018313,17.644519184143924,3.642186209039978,5.075138731089542,64.97504109577362,1015.1670100944632,606.7315731920309,9.998956209177212,1,1
209,2025-06-28,28.831162077024604,17.695128487728823,3.644953946188172,5.136855119990988,64.59235239976881,1015.13771124161,605.1182909200871,9.87959740732743,1,1
210,2025-06-29,28.69789135212339,17.577196574622537,3.64724620754358,5.117701604490462,64.58785312072092,1014.9478890500246,604.6629500095717,9.866493040581965,1,1
211,2025-06-30,28.44124940943836,17.40212923621678,3.754512298820895,5.149479488590654,64.53607589098876,1014.9097380711856,604.3938340803418,10.056060788815817,1,1
212,2025-07-01,28.20847011437581,17.330171397065694,3.8090362130316553,5.119912010084521,63.49377812962123,1015.1337101564544,594.8178049957721,9.996171564888996,1,1
213,2025-07-02,28.16684277911215,17.241665303350494,3.81388432452796,5.01994038084297,64.20501698598656,1015.227629179953,592.6443466050753,9.913270655225142,1,1
214,2025-07-03,27.987805569035928,17.423280142754113,3.841714214438948,5.10098388426831,64.76155073024603,1015.3243561200518,598.7841943810777,9.93603958378226,1,1
215,2025-07-04,27.945386436743544,17.701732775921585,3.792735337795731,5.070407516335936,64.51930490055234,1015.1821154499016,599.5758307076866,10.102940904100578,1,1
216,2025-07-05,27.739780050036888,17.712761489574866,3.803733853875801,5.119339277009573,64.17164843153608,1015.17395294708,598.8067206254427,9.980689838599064,1,1
217,2025-07-06,27.55900800623377,17.556409470892774,3.813541582013109,5.087044479067846,64.20978790220938,1015.0012653112703,599.3324549484581,9.961560241960427,1,1
218,2025-07-07,27.28137984453902,17.345166712848,3.9274209146533137,5.105568043846201,64.20757629958902,1014.9763187535306,600.1560302086323,10.14220244215464,1,1
219,2025-07-08,27.054601623822258,17.240278486446954,3.987486827676302,5.062894316102219,63.220927868597386,1015.2098018362057,591.7560486667567,10.07079851897458,1,1
220,2025-07-09,27.04577439450352,17.122977112361173,3.996660149322502,4.950237153344876,63.99290804799713,1015.30992217507,590.8114438100378,9.974174599211397,1,1
221,2025-07-10,26.92549463738902,17.28068857788364,4.027481093543694,5.019293517564603,64.61415363373632,1015.4100483754052,598.2008645907699,9.98145197351167,1,1
222,2025-07-11,26.9663188848196,17.540734271905382,3.98007361922244,4.977704219992676,64.43936111657285,1015.269009061064,600.2299793857334,10.131579531760044,1,1
223,2025-07-12,26.866380340402785,17.5392902227413,3.991172823768828,5.016864104891182,64.16058796440554,1015.2605201505752,600.6535538542971,9.991791773267728,1,1
224,2025-07-13,26.811103717769072,17.37666088337634,3.999595259452129,4.976289228803728,64.26767445198057,1015.0866819130108,602.2954476596988,9.954900241538706,1,1
225,2025-07-14,26.675734345272787,17.165416380756188,4.110623971510188,4.988252199206166,64.33308182918007,1015.060464172396,604.1287368249755,10.11809633574688,1,1
226,2025-07-15,26.604526485682413,17.066701429606454,4.166429407147319,4.940935398844829,63.41133773776036,1015.2932261659656,596.6047221575752,10.0300914720576,1,1
227,2025-07-16,26.760831076648163,16.961472565117173,4.170020407044706,4.825715039420217,64.24415717538031,1015.3937818743476,596.3784068639171,9.918214590548132,1,1
228,2025-07-17,26.811292594623744,17.13671502333516,4.194054374649039,4.894409449698767,64.92089342403199,1015.496013341934,604.3085554406372,9.91204922117507,1,1
229,2025-07-18,27.02441470397032,17.419159193457745,4.138797310109927,4.854735409588518,64.79505615971274,1015.359144895082,606.6855753891634,10.050952994562634,1,1
230,2025-07-19,27.094279839289875,17.444258558138664,4.141146074384278,4.898114956066163,64.55764079594,1015.3571503279196,607.2540587953392,9.902504212472392,1,1
231,2025-07-20,27.20236623052461,17.311485592001265,4.140092955096334,4.864040332082547,64.69757597625099,1015.1922353408517,608.8331144112798,9.859783646001382,1,1
232,2025-07-21,27.220175737098923,17.13249387208857,4.241104536489503,4.884708328284862,64.78658436701467,1015.1773141643076,610.3966859281718,10.020169782634923,1,1
233,2025-07-22,27.288514861829213,17.06745386911855,4.286536239117195,4.848173798188035,63.87864708459517,1015.423527229118,602.4026093938918,9.932473707463355,1,1
234,2025-07-23,27.56766674364575,16.996318294774955,4.279576963484764,4.745635311215745,64.71513955918236,1015.5393108375252,601.5179892785432,9.824033763651798,1,1
235,2025-07-24,27.72166166096021,17.205067529828302,4.293053154180912,4.82868633486186,65.38529284818476,1015.6580212636464,608.6190056769811,9.824352287788608,1,1
236,2025-07-25,28.01690383040606,17.51945425122269,4.227383184019833,4.8047757089367416,65.24271731521162,1015.5382258781506,610.0183986659762,9.972617318521744,1,1
237,2025-07-26,28.145938115586336,17.574008388957584,4.21959462071332,4.865019755299602,64.97873253857011,1015.5531328398906,609.4874753355747,9.836153835885618,1,1
238,2025-07-27,28.28929900583016,17.46735814036658,4.208784622541852,4.848573579606374,65.08281029338507,1015.4041009145708,609.8757824410478,9.807712573306205,1,1
239,2025-07-28,28.31815449529892,17.310414616149473,4.300495612317259,4.887272670852621,65.12742580850549,1015.403147452709,610.1906562240176,9.984274432072455,1,1
240,2025-07-29,28.37358692922852,17.262726989316395,4.337127709465736,4.8687944093360604,64.16750780269328,1015.6605003411332,600.9254213826943,9.914196432187946,1,1
241,2025-07-30,28.6167487508864,17.20376352222315,4.321882432011605,4.7839522557725775,64.9455553904355,1015.783703721412,598.7838404122234,9.824319040051918,1,1
242,2025-07-31,28.713101248626565,17.419168607044714,4.327567023347633,4.883955804306215,65.55207626973903,1015.9052786671274,604.6789496573213,9.843616819150212,1,1
243,2025-08-01,28.93099507100069,17.73451466876545,4.25455030100751,4.875880242443713,65.3420836100475,1015.7830501414404,604.9595534646533,10.01073491746589,1,1
244,2025-08-02,28.96537749482589,17.784309918927413,4.2397825469968335,4.9504873357154136,65.00839609734555,1015.7896105094115,603.4312481699657,9.892455539744056,1,1
245,2025-08-03,28.999570524346765,17.667317674183806,4.222259603685975,4.946605268228651,65.04204865076996,1015.6258599433202,602.9751452270848,9.88100202406022,1,1
246,2025-08-04,28.90783446926538,17.494734928205222,4.307403205158742,4.995778225802859,65.01710974350404,1015.603540618315,602.6265308222946,10.072858128406752,1,1
247,2025-08-05,28.834561328560955,17.426537285200155,4.337478871165556,4.985435125311136,63.99009660776378,1015.832809502502,592.9022584768148,10.015928047388938,1,1
248,2025-08-06,28.944338353389824,17.342745981888786,4.315545694303341,4.906190073666575,64.70505721461791,1015.9213586838852,590.5244984318444,9.936656607398954,1,1
249,2025-08-07,28.90609244003033,17.529667587971804,4.314267171358098,5.0091075727017484,65.25397424719155,1016.002083763782,596.4190001507359,9.96369122707212,1,1
250,2025-08-08,28.99157671362936,17.81362577755481,4.23387375577129,5.001175873884284,64.99322927769236,1015.8334111885054,596.9411561689566,10.135427840062,1,1
251,2025-08-09,28.898986850281617,17.829946775121623,4.2111894212173695,5.073130492793991,64.61687236440308,1015.7887545741188,595.8967522320725,10.018484663166731,1,1
252,2025-08-10,28.81465367767486,17.67825485876105,4.185102168797599,5.0638351409261615,64.61700529051798,1015.5700403832458,596.1605822034613,10.005011223149356,1,1
253,2025-08-11,28.615528996480315,17.470626311343597,4.260950281739431,5.104930924292106,64.56857501599063,1015.490220115233,596.755169939474,10.191510106646133,1,1
254,2025-08-12,28.44831101370292,17.367909642766055,4.28094544161834,5.084003212794373,63.528769176214006,1015.660814316337,588.1783949961665,10.125996880709303,1,1
255,2025-08-13,28.47945153991674,17.2509685170007,4.2481268433993415,4.991878801867561,64.24208297416851,1015.6909980812106,587.1276417761787,10.03511763067924,1,1
256,2025-08-14,28.37925704668699,17.406898652579354,4.23517529316367,5.079886457603239,64.80071303139094,1015.7152295111346,594.4986197875091,10.047805771456888,1,1
257,2025-08-15,28.42034601900569,17.66273872003836,4.142377830264799,5.055324359306016,64.56101663748642,1015.4935331174036,596.6121302949293,10.20282046761358,1,1
258,2025-08-16,28.301250825428635,17.654437405848203,4.106655065217804,5.109276591712826,64.21678172085716,1015.4009094901588,597.2356473774983,10.067210749041324,1,1
259,2025-08-17,28.20811090601525,17.482133510788923,4.067031107258501,5.080986115409509,64.25961574360682,1015.1408129689354,599.2028713869714,10.03361299886475,1,1
260,2025-08-18,28.01717406003382,17.258297865118752,4.129017869329441,5.102495260144205,64.26374994845946,1015.027615924512,601.4934734773348,10.199059593794807,1,1
261,2025-08-19,27.87395165129951,17.14404517153777,4.135034891869018,5.061803359445403,63.2854505274747,1015.1741064343468,594.5618021044769,10.112124503906289,1,1
262,2025-08-20,27.943268914913368,17.020372386922585,4.088358893253215,4.95015437611392,64.06810568120744,1015.1905304810072,595.0621433757841,10.000025691692162,1,1
263,2025-08-21,27.89342112809601,17.174374974382385,4.061932142840654,5.019287845577812,64.70264365152292,1015.212181534574,603.8486541560573,9.992266382433638,1,1
264,2025-08-22,27.994696420131984,17.43296099751829,3.956320349065019,4.9768968883975,64.54401959343895,1014.9996507969464,607.2032141652335,10.128157968531246,1,1
265,2025-08-23,27.9430515063788,17.431825063356204,3.908732439008332,5.014435676880122,64.28451595672955,1014.9282105707372,608.8580365308497,9.975269061179786,1,1
266,2025-08-24,27.92188498649785,17.2707387137503,3.858482317702326,4.971484006392746,64.41416386673838,1014.7012734475388,611.6161674931367,9.926708780334817,1,1
267,2025-08-25,27.80462266840012,17.06170568368476,3.911364632204772,4.980380221702747,64.50558117516655,1014.632846667767,614.4320686268491,10.079922453534516,1,1
268,2025-08-26,27.733958320617223,16.965289689904886,3.9100659351029474,4.929372300638437,63.61341796822212,1014.8350289355288,607.741029844667,9.983825886211733,1,1
269,2025-08-27,27.87198859518594,16.86187084389663,3.85810571706481,4.809900102055403,64.47947771264238,1014.91706105874,608.1849857184918,9.865898354501557,1,1
270,2025-08-28,27.88445048412666,17.03788145077755,3.8286366667492406,4.873842232020252,65.19316834777885,1015.0129332448852,616.6128385013343,9.8558166505829,1,1
271,2025-08-29,28.03931979398561,17.319540560462432,3.722395105554962,4.828971372754509,65.10802044606137,1014.8816620251076,619.3085228146149,9.992973140986958,1,1
272,2025-08-30,28.03055480562524,17.341848655034717,3.676714213509712,4.866760516583152,64.91501641910048,1014.896708694477,620.0136447641344,9.844922483375475,1,1
273,2025-08-31,28.03992787286668,17.20389845122942,3.63098035182672,4.826747775472618,65.10303763144599,1014.759481131808,621.5478242538176,9.804665155614938,1,1
274,2025-09-01,27.939657817895924,17.017049635692224,3.691004695029883,4.841170998870483,65.24372454571807,1014.7818372841969,622.8889367745779,9.96944595967362,1,1
275,2025-09-02,27.8716852490382,16.941274633399072,3.69943171972582,4.798121947574604,64.39094023239709,1015.0736363250876,614.502010631763,9.887893584358844,1,1
276,2025-09-03,27.997828626498496,16.856430994227836,3.659679131616316,4.688832940760001,65.28590507336075,1015.2418474084676,613.0643644459464,9.787121230956638,1,1
277,2025-09-04,27.98402890711921,17.0485107186952,3.644738656749096,4.764929307517155,66.0176567260003,1015.4182172690244,619.465104900633,9.796370420728469,1,1
278,2025-09-05,28.098941118033537,17.343385529446707,3.5551286652844696,4.733891335586976,65.93957234321954,1015.3596079718176,620.0322401602367,9.95454067545109,1,1
279,2025-09-06,28.03765729085504,17.375809203053667,3.5279112168270816,4.786867982622753,65.74269701540054,1015.4374749892004,618.5542655205724,9.828649396595836,1,1
280,2025-09-07,27.98350416413939,17.24473276904553,3.5021537577103543,4.76304982338406,65.91618539967173,1015.3514257663644,617.899376583685,9.81112973544557,1,1
281,2025-09-08,27.81062953527648,17.06148032297818,3.5833075617721297,4.7943122534886005,66.03215187347963,1015.4117754163718,617.0945347867773,9.99864422352328,1,1
282,2025-09-09,27.6632207492229,16.986092585114502,3.6136242970880055,4.768378476145821,65.14511986227352,1015.7271440150848,606.6531710871883,9.93923983363044,1,1
283,2025-09-10,27.70559480990175,16.898593920564196,3.596105096713205,4.67611496438366,65.99713858037703,1015.9036040318756,603.2991429787567,9.859464052669995,1,1
284,2025-09-11,27.60636985580792,17.08523336720649,3.6033113224187416,4.768792508113155,66.67822174386347,1016.0723779525176,607.9650948620344,9.888023664967315,1,1
285,2025-09-12,27.63697845535464,17.372218989636803,3.5353277257475355,4.753556325146558,66.54284581094028,1015.990196434322,607.0185061579866,10.06332853121059,1,1
286,2025-09-13,27.49530939426768,17.39470706117177,3.528790311859225,4.82124730189168,66.28325232937516,1016.0287864676744,604.2823108541953,9.951964308006202,1,1
287,2025-09-14,27.36742367465252,17.252102331294534,3.5223588413542566,4.810781656596529,66.38986200682405,1015.888429284778,602.6532683488217,9.94600155556235,1,1
288,2025-09-15,27.130060924665663,17.056217624332703,3.621105763137125,4.853799888854199,66.43609651177246,1015.880504533658,601.1803318006469,10.141818703412904,1,1
289,2025-09-16,26.92978196456825,16.967600432502785,3.666942667602669,4.837834412374504,65.47779932880239,1016.1150653693886,590.3918174126156,10.087264298390044,1,1
290,2025-09-17,26.932989150811487,16.866782766702816,3.66257835869964,4.753608464666274,66.25832456771388,1016.1999534819098,587.0190032389994,10.00877792996844,1,1
291,2025-09-18,26.810036193436527,17.04050535778571,3.6803374762028778,4.852299336920606,66.86894891590761,1016.2684548914116,591.9943163965805,10.035051410571274,1,1
292,2025-09-19,26.833689620062938,17.31543605510857,3.620130144189016,4.841009371261173,66.66534487569042,1016.0796078974292,591.6773971484903,10.20457244283947,1,1
293,2025-09-20,26.70272999335279,17.327144418930732,3.618484758941697,4.910586793628377,66.34086039376652,1016.0076339461058,589.8759227504414,10.08409473494508,1,1
294,2025-09-21,26.603639714146368,17.175389209660572,3.614023701039657,4.900003711653166,66.38691295668261,1015.755432656279,589.4643652822872,10.065942095971362,1,1
295,2025-09-22,26.41309437012544,16.972267403185334,3.711853660636066,4.941002210181596,66.37779453806031,1015.637059191053,589.4629193474968,10.246824131559285,1,1
296,2025-09-23,26.277103765515584,16.87853270536711,3.753991610793244,4.921258040534211,65.37007901247713,1015.7652304181682,580.3653883445365,10.174989175587063,1,1
297,2025-09-24,26.361044262930744,16.77484005668465,3.743320524527349,4.831674623249459,66.10770113448473,1015.7503707429807,578.8636391792979,10.07733411967708,1,1
298,2025-09-25,26.333793763571872,16.947967358635726,3.752403815880119,4.923640556891438,66.68236237669105,1015.7282003303006,585.8467620857516,10.083053032198018,1,1
299,2025-09-26,26.46623076374007,17.224534315353484,3.681449080830671,4.904494248203204,66.45000177851492,1015.4599789543952,587.6281989141359,10.231167151275235,1,1
300,2025-09-27,26.454884515551072,17.239980340739983,3.667333399370616,4.965337913937328,66.10407683090715,1015.321878010186,587.9676954404798,10.088980593838988,1,1
301,2025-09-28,26.48368173343201,17.093858097124173,3.649070175956027,4.945408474589845,66.13596230162804,1015.0184235600194,589.6912230839423,10.049369711340471,1,1
302,2025-09-29,26.426505144653746,16.897991071895312,3.732189438977733,4.976716467050127,66.1197631377916,1014.8649300548284,591.7710763407689,10.209584117448877,1,1
303,2025-09-30,26.42640813477284,16.81280286420501,3.759152898588888,4.94720266474019,65.11173274010712,1014.9749724018744,584.654905104026,10.118385423770386,1,1
304,2025-10-01,26.64572506545388,16.718574303436892,3.7332981485829233,4.848025310409463,65.85536532641922,1014.95940823288,584.991263015863,10.003143729723352,1,1
305,2025-10-02,26.75028642655921,16.90167920544413,3.727641300226408,4.93081132758371,66.44181724890716,1014.9539537715432,593.6297813555119,9.993474116030628,1,1
306,2025-10-03,27.00799804660486,17.188318191696304,3.642828940456449,4.903115282842366,66.2263949510796,1014.7194269149552,596.8492069162771,10.128756047808592,1,1
307,2025-10-04,27.112569188202507,17.213512025505203,3.6161519925545287,4.956228485621144,65.90185410214978,1014.6311301179596,598.3801374135254,9.976580305667538,1,1
308,2025-10-05,27.245332842704368,17.076410522991747,3.587001764682193,4.92954585826465,65.95881731670647,1014.39231568903,601.0255812452656,9.93003159939935,1,1
309,2025-10-06,27.27787152778553,16.888464940671827,3.661240397854175,4.95520178931271,65.9706061045205,1014.316652555391,603.7415332558863,10.086485055151185,1,1
310,2025-10-07,27.35129103189737,16.80977102666098,3.6816072782873976,4.92122471619043,64.99267787053333,1014.5157412886608,596.9663152700277,9.994742715185229,1,1
311,2025-10-08,27.626380112835765,16.72033840669004,3.651656032646582,4.818823370644956,65.76773623786028,1014.5981880881016,597.3462566326613,9.882130134441484,1,1
312,2025-10-09,27.767864020901907,16.906336708905034,3.644551587706942,4.899638051517521,66.38616915359647,1014.6972397199258,605.7358229512517,9.878135295929356,1,1
313,2025-10-10,28.04301009227423,17.193837511522506,3.5610183357960814,4.871200666622396,66.20255210885979,1014.5710914215856,608.4254347802398,10.021932659243,1,1
314,2025-10-11,28.145369598534835,17.217813297742282,3.5383520843766525,4.924745872523188,65.90896071304803,1014.5923385943472,609.1638175350564,9.880836807750416,1,1
315,2025-10-12,28.256598879159817,17.077449285515115,3.5158761238791407,4.8995808616794525,65.99539979581334,1014.4615130161432,610.7780214130543,9.847593639827142,1,1
316,2025-10-13,28.249073131773777,16.884315929250246,3.5993136213315062,4.927724904229835,66.03464451394291,1014.4896206976584,612.2533187734433,10.019187035759888,1,1
317,2025-10-14,28.265135728964864,16.798709264255884,3.631197848082624,4.897068265836868,65.08168418422336,1014.785726234236,604.0617469328045,9.943986837877985,1,1
318,2025-10-15,28.46722183279401,16.700914837705632,3.6148147526136856,4.798663295114681,65.87883708447173,1014.9560924625456,602.8868936425744,9.84885789311867,1,1
319,2025-10-16,28.522065256449,16.87744578931381,3.62300720459704,4.88398089456237,66.51619071809155,1015.1318756359096,609.6230576982807,9.8628120213389,1,1
320,2025-10-17,28.69924817991705,17.154774406519216,3.556131752867212,4.860375959830108,66.34810497131724,1015.0694864963796,610.6020522303983,10.02454535159859,1,1
321,2025-10-18,28.694879508899323,17.168318653435854,3.5510803392282324,4.918903957430605,66.06652255725945,1015.1400866354568,609.6145186244194,9.90090511717177,1,1
322,2025-10-19,28.693346702217564,17.01773992034961,3.546747034774941,4.89869603456501,66.16139412385922,1015.0431596836108,609.5289166419412,9.88419348777397,1,1
323,2025-10-20,28.569856384341417,16.815100222780256,3.648411715340132,4.931603619758827,66.20551374748227,1015.0890735324514,609.3704244097795,10.07098602201537,1,1
324,2025-10-21,28.46960864151728,16.72118649220999,3.698161878154794,4.90536199851914,65.25395580967202,1015.3866778213096,599.6485411810621,10.009290256986306,1,1
325,2025-10-22,28.55784583290522,16.616758198615624,3.698846797755127,4.810885535341988,66.04918179769635,1015.5424451914964,597.0810131693167,9.925663900383563,1,1
326,2025-10-23,28.5039868992279,16.788769374124012,3.72289303633888,4.8995276520217885,66.68147183461787,1015.688156539648,602.592235441781,9.948874249263094,1,1
327,2025-10-24,28.58010872527382,17.064084863088638,3.670271850893748,4.87854906393019,66.5054186802856,1015.5812409876156,602.5394149513106,10.117441089400158,1,1
328,2025-10-25,28.48456215785845,17.078452777443395,3.67753065756801,4.938936383944714,66.21322890165506,1015.5942406116532,600.7333767548092,9.998107033640045,1,1
329,2025-10-26,28.40366913062507,16.931789848187613,3.6832683651098894,4.919778451246496,66.29513887691597,1015.4283404140534,600.057189340343,9.98314280448346,1,1
330,2025-10-27,28.214217608803267,16.736328297086253,3.7925262726276032,4.952911331704312,66.32424161719716,1015.3958809486328,599.5448491139816,10.169165031331282,1,1
331,2025-10-28,28.06260038277557,16.652932204717466,3.8472155518108817,4.926081486333014,65.35591563310935,1015.6078992688084,589.7088192645118,10.10429212716227,1,1
332,2025-10-29,28.114839377447502,16.562339877854278,3.8500753738792906,4.830239814755832,66.13292457826638,1015.67320832639,587.2640415586089,10.015257816395463,1,1
333,2025-10-30,28.04070698072815,16.751383469203166,3.873490606343776,4.916799740962604,66.74584262455647,1015.7260168182848,593.1265683629545,10.031064099260444,1,1
334,2025-10-31,28.11220614257356,17.046705773734832,3.817459581550792,4.893102919860602,66.54954341415058,1015.526202054618,593.6400905632678,10.190516117569024,1,1
335,2025-11-01,28.02719671394096,17.083736191652125,3.818624107580351,4.950234767947323,66.23649734380031,1015.448707783982,592.5972306272508,10.060683134370796,1,1
336,2025-11-02,27.97111402509704,16.96198247187985,3.815741593107586,4.927397282529513,66.29718485671143,1015.197009334756,592.85876094788,10.034193422196306,1,1
337,2025-11-03,27.81949566132285,16.793186697302115,3.914071088820241,4.956550213514555,66.30492169240904,1015.0855652890344,593.4329692382158,10.208040946487912,1,1
338,2025-11-04,27.71716143163276,16.737653244011415,3.9557944169188746,4.9255702078794,65.31528724746137,1015.2273030410826,584.8039459664143,10.13072974243292,1,1
339,2025-11-05,27.828286918617497,16.675504899869075,3.9439666397233353,4.825540759841785,66.07122466855913,1015.2326498820332,583.6563907982348,10.029375897855829,1,1
340,2025-11-06,27.820580627336884,16.892918013443246,3.951325016787385,4.908006258716499,66.66346749146479,1015.2371129095118,590.8750630199163,10.033349265853346,1,1
341,2025-11-07,27.96382483726167,17.215856162606816,3.878247203734152,4.880433832544922,66.44703050565141,1015.001521388722,592.7721291792074,10.181797698108564,1,1
342,2025-11-08,27.95356586568313,17.279063857869154,3.8617711341342407,4.9340253017823965,66.11450941827468,1014.9014042763072,593.1092552699043,10.042098315679096,1,1
343,2025-11-09,27.97289791876541,17.18137639337136,3.841056738476447,4.908086806658818,66.15649680192735,1014.6404457432158,594.7175827810022,10.007143885875273,1,1
344,2025-11-10,27.89505465498435,17.033893794694382,3.9217615888274615,4.934667256902035,66.14641008446677,1014.5329380799108,596.5777912243867,10.174142427646713,1,1
345,2025-11-11,27.86265166513844,16.99632608759291,3.946451922180281,4.901715291852479,65.13992254807627,1014.691279189018,589.1490051268783,10.091756134798002,1,1
346,2025-11-12,28.037818557580053,16.948265583728034,3.9185435625514575,4.800367633474939,65.88006578701935,1014.7250258526566,589.0941280313243,9.987199670978065,1,1
347,2025-11-13,28.086429105843635,17.175436598439703,3.9111021404203705,4.882202154250226,66.45765828582279,1014.7685053259072,597.2797169822765,9.98988004778374,1,1
348,2025-11-14,28.276688182877503,17.503441680340117,3.824793585263213,4.854699368074301,66.22779767181477,1014.5810978662328,600.0036424171908,10.138920908935802,1,1
349,2025-11-15,28.302860027958847,17.566765516632366,3.796897522511801,4.909054648725586,65.88316112062894,1014.536661655095,601.0173758135103,10.001615713126457,1,1
350,2025-11-16,28.34708110734633,17.464092344399983,3.7667638815259568,4.884548710822665,65.91442133802943,1014.3370414923688,603.1460428413302,9.970717805045425,1,1
351,2025-11-17,28.28197104781504,17.30648461067895,3.8401849145331,4.913187455653075,65.89507385174777,1014.2945790343438,605.3684464316841,10.143245365624397,1,1
352,2025-11-18,28.24988448548473,17.253729981252654,3.859804147173183,4.8828608078868045,64.8808665930011,1014.519670058836,598.1458227798126,10.067627151583627,1,1
353,2025-11-19,28.4130424465467,17.185612355356973,3.829056803459175,4.784633350295987,65.61490026623781,1014.6198781650564,598.1469208760765,9.97080885670714,1,1
354,2025-11-20,28.437751932303964,17.388157348444135,3.8209710817120657,4.8699999924364885,66.188054252593,1014.7276056744367,606.2475297999724,9.981902049306417,1,1
355,2025-11-21,28.59297292456372,17.687371453982365,3.7361211918665806,4.846350287767749,65.95547571615073,1014.6004326037432,608.7577117943679,10.139718224418612,1,1
356,2025-11-22,28.57401810738388,17.718236259102536,3.711644679452478,4.904783605668261,65.609876533793,1014.6105935257356,609.4435984667734,10.01123216003349,1,1
357,2025-11-23,28.56432954856993,17.580013828228108,3.686704200006279,4.884482594008501,65.64194563576008,1014.4585322022176,611.1469042835763,9.98888225374896,1,1
358,2025-11-24,28.4380470028484,17.384411345514902,3.766865769070164,4.917355937474127,65.62517266980772,1014.4554504529444,612.8643790902296,10.16938551737319,1,1
359,2025-11-25,28.339212024992165,17.291912517503437,3.794514807382089,4.891199945669584,64.61527415616216,1014.7108956625764,605.0759803776552,10.100892834894143,1,1
360,2025-11-26,28.43184797699527,17.183031835849462,3.772804303208543,4.79699169423976,65.35529082074046,1014.8318955086104,604.4693734388915,10.010104029428309,1,1
361,2025-11-27,28.38412614642498,17.34454263280754,3.774464234588492,4.8861468817449065,65.93601103471481,1014.9506401314752,611.9389005389105,10.025924433095591,1,1
362,2025-11-28,28.46687876796793,17.60319862479209,3.699762922310157,4.86598595642364,65.71245819886906,1014.8248223674052,613.8122928580887,10.18700527167919,1,1
363,2025-11-29,28.377245805238463,17.594710802562016,3.685532600788519,4.927550673535324,65.3771868423983,1014.8271059088725,613.8719967142647,10.060211867118271,1,1
364,2025-11-30,28.300401237378388,17.41903625108099,3.670639140927424,4.90997848899252,65.42069514564108,1014.658661624174,614.9742804221866,10.037927193702595,1,1
